date,dp_emergency_cost_yuan,ana_emergency_cost_yuan,dp_emergency_energy_kwh,ana_emergency_energy_kwh,dp_max_balance_residual_kwh,ana_max_balance_residual_kwh,dp_max_soc_residual_kwh,ana_max_soc_residual_kwh,dp_total_cost_yuan,ana_total_cost_yuan
2025-02-01,5.317202611543337e-11,0.0,0.0,0.0,1.0089706847793423e-12,0.0,1.1368683772161603e-13,9.094947017729282e-13,24022.487902408237,24022.487902408182
2025-02-02,5.041101203140386e-11,0.0,0.0,0.0,9.71667191151937e-13,0.0,1.1368683772161603e-13,9.094947017729282e-13,56618.915538921996,56618.915538921945
2025-02-03,8.723399989862823e-11,0.0,0.0,0.0,1.0231815394945443e-12,0.0,1.1368683772161603e-13,9.094947017729282e-13,53965.985262462826,53965.98526246274
2025-02-04,276.0678527235191,0.0,46.81812426851036,0.0,9.592326932761353e-13,0.0,5.684341886080802e-14,9.094947017729282e-13,55182.33699352994,54906.26914080642
2025-02-05,506.3581961908743,736.6799585297229,99.23972649016794,146.05785075867772,1.0231815394945443e-12,0.0,5.684341886080802e-14,9.094947017729282e-13,54893.06574154679,55123.387503885635
2025-02-06,122.98032063341617,122.98032063333329,21.05286666666734,21.05286666666666,1.0231815394945443e-12,0.0,3.552713678800501e-15,9.094947017729282e-13,54845.87952011279,54845.8795201127
2025-02-07,5.32323412849589e-11,0.0,0.0,0.0,9.983125437429408e-13,0.0,1.1368683772161603e-13,9.094947017729282e-13,21390.676708308445,21390.67670830839
2025-02-08,7.845642435722056e-11,0.0,0.0,0.0,1.0231815394945443e-12,0.0,1.4210854715202004e-14,9.094947017729282e-13,19360.894420993172,19360.894420993092
2025-02-09,1583.9343176150885,2285.875817800453,336.9988832388929,336.99888323889337,9.734435479913373e-13,0.0,1.1368683772161603e-13,8.739675649849232e-13,54242.57863298269,54944.52013316805
2025-02-10,6.018786891104354e-11,0.0,0.0,0.0,9.978684545330907e-13,0.0,5.684341886080802e-14,9.094947017729282e-13,52328.63317785146,52328.6331778514
2025-02-11,26.3507272357147,26.35072723564257,5.6256889913846635,5.625688991383981,1.0231815394945443e-12,0.0,1.1368683772161603e-13,9.094947017729282e-13,50924.10471692897,50924.104716928894
2025-02-12,8.109893978591742e-11,0.0,0.0,0.0,9.841016890277388e-13,0.0,5.684341886080802e-14,9.094947017729282e-13,50556.11913268743,50556.11913268735
2025-02-13,5.837410144149401e-11,0.0,0.0,0.0,8.597567102697212e-13,0.0,1.1368683772161603e-13,8.846257060213247e-13,49760.86495914592,49760.86495914586
2025-02-14,31.264820142006275,31.264820141947226,5.763631697289561,5.763631697289561,1.0231815394945443e-12,0.0,1.1368683772161603e-13,9.094947017729282e-13,18651.772751844983,18651.772751844925
2025-02-15,407.4950673969785,153.1875580297938,89.47060877208284,35.83579277208089,9.379164112033322e-13,0.0,5.684341886080802e-14,9.094947017729282e-13,19103.876050988034,18849.568541620847
2025-02-16,532.0192699308822,229.46343018904662,114.92917316902258,55.00078344735434,9.85878045867139e-13,0.0,7.105427357601002e-15,8.86402062860725e-13,50749.021777735914,50446.46593799408
2025-02-17,6.057058232755708e-11,0.0,0.0,0.0,1.0089706847793423e-12,0.0,1.1368683772161603e-13,9.094947017729282e-13,50204.318387919666,50204.31838791961
2025-02-18,8.203854928723332e-11,0.0,0.0,0.0,9.876544027065393e-13,0.0,1.1368683772161603e-13,9.094947017729282e-13,47828.34972771936,47828.34972771928
2025-02-19,3001.6464738261793,3003.58382961778,624.1147903741987,624.1147903741988,9.727774141765622e-13,0.0,1.1368683772161603e-13,9.094947017729282e-13,50675.31529288512,50677.252648676724
2025-02-20,18.913247180459855,18.913247180387323,4.0378409864198375,4.037840986419155,9.841016890277388e-13,0.0,1.1368683772161603e-13,9.094947017729282e-13,48239.21315766035,48239.21315766028
2025-02-21,4.6341813386696634e-11,0.0,0.0,0.0,7.958078640513122e-13,0.0,5.684341886080802e-14,9.094947017729282e-13,17835.480655373078,17835.48065537303
2025-02-22,6.809132135909835e-11,0.0,0.0,0.0,9.094947017729282e-13,0.0,1.1368683772161603e-13,8.952838470577262e-13,18169.673389205847,18169.67338920578
2025-02-23,6.64838846198279e-11,0.0,0.0,0.0,9.734435479913373e-13,0.0,1.4210854715202004e-14,8.775202786637237e-13,47986.150677891965,47986.1506778919
2025-02-24,4.5864158249031564e-11,0.0,0.0,0.0,9.343636975245317e-13,0.0,1.1368683772161603e-13,8.846257060213247e-13,47267.988407938574,47267.98840793853
2025-02-25,30.288771466762963,30.28877146669918,6.916034128713022,6.916034128713136,9.592326932761353e-13,0.0,1.1368683772161603e-13,9.094947017729282e-13,46357.51689925345,46357.516899253395
2025-02-26,3021.746264615829,4112.354266021727,673.7949271607873,598.5837438056824,9.725553695716371e-13,0.0,1.1368683772161603e-13,9.094947017729282e-13,48217.24960385277,49307.857605258665
2025-02-27,3428.3543574138944,3669.1295972923654,709.4167058877288,759.0610852441304,9.805489753489383e-13,0.0,7.105427357601002e-15,9.094947017729282e-13,47896.69802390798,48137.47326378645
2025-02-28,6.089915616236397e-11,0.0,0.0,0.0,9.663381206337363e-13,0.0,5.684341886080802e-14,8.846257060213247e-13,17416.4289703264,17416.42897032634
2025-03-01,5.741430442185446e-11,0.0,0.0,0.0,9.663381206337363e-13,0.0,5.684341886080802e-14,8.846257060213247e-13,17434.10526025987,17434.10526025981
2025-03-02,6721.366672249826,3860.653030028573,1328.0519931501458,571.2706667294948,9.97923965684322e-13,0.0,5.684341886080802e-14,9.094947017729282e-13,54947.878065326884,52087.164423105634
2025-03-03,508.14994147798814,45.96866402974744,112.88415627478783,11.841489961295064,9.841016890277388e-13,0.0,5.684341886080802e-14,9.094947017729282e-13,48262.20921277452,47800.027935326274
2025-03-04,4.5606564524902636e-11,0.0,0.0,0.0,9.343636975245317e-13,0.0,1.1368683772161603e-13,9.094947017729282e-13,47987.4091107189,47987.40911071886
2025-03-05,6.391878404343742e-11,0.0,0.0,0.0,9.983125437429408e-13,0.0,5.684341886080802e-14,9.094947017729282e-13,46423.989007212054,46423.98900721199
2025-03-06,7.736227969346032e-11,0.0,0.0,0.0,1.0107470416187425e-12,0.0,1.1368683772161603e-13,9.094947017729282e-13,44659.78528031186,44659.78528031178
2025-03-07,5.0098996146052957e-11,0.0,0.0,0.0,9.85878045867139e-13,0.0,5.684341886080802e-14,8.952838470577262e-13,16917.719005956325,16917.719005956274
2025-03-08,296.1004815685287,320.11761533479995,71.08705962243401,71.08705962243411,9.414691248821327e-13,0.0,5.684341886080802e-14,9.094947017729282e-13,16695.380324004112,16719.39745777038
2025-03-09,5.821847715026252e-11,0.0,0.0,0.0,1.0231815394945443e-12,0.0,1.1368683772161603e-13,9.094947017729282e-13,43095.27331813547,43095.27331813541
2025-03-10,3237.275870891532,3933.8571097648746,645.1735598367203,591.3549468943316,9.734435479913373e-13,0.0,5.684341886080802e-14,8.757439218243235e-13,48882.385736690056,49578.966975563395
2025-03-11,7.789934117208297e-11,0.0,0.0,0.0,9.734435479913373e-13,0.0,5.684341886080802e-14,9.094947017729282e-13,43707.73967195153,43707.73967195145
2025-03-12,4.592891483801154e-11,0.0,0.0,0.0,1.0231815394945443e-12,0.0,5.684341886080802e-14,9.094947017729282e-13,42462.008346855466,42462.00834685542
2025-03-13,4079.224128219106,5328.89917428268,813.3517407973161,813.3517407973137,9.983125437429408e-13,0.0,3.552713678800501e-15,9.094947017729282e-13,49178.065851801424,50427.740897865006
2025-03-14,3.744026755292396e-11,0.0,0.0,0.0,9.663381206337363e-13,0.0,5.684341886080802e-14,8.189005029635155e-13,16103.451616069053,16103.451616069015
2025-03-15,1255.4371958200359,1255.4371958200009,311.6499736136529,311.6499736136529,9.032774528350274e-13,0.0,5.684341886080802e-14,9.094947017729282e-13,17128.171681031694,17128.171681031657
2025-03-16,7.803717794185871e-11,0.0,0.0,0.0,9.734435479913373e-13,0.0,7.105427357601002e-15,8.841816168114747e-13,43564.79527831874,43564.79527831866
2025-03-17,7.888102571129707e-11,0.0,0.0,0.0,9.2192919964873e-13,0.0,5.684341886080802e-14,8.842926391139372e-13,41326.02584769905,41326.02584769897
2025-03-18,422.4678473140372,422.46784731398503,85.73761360936044,85.73761360936044,1.0089706847793423e-12,0.0,2.842170943040401e-14,9.094947017729282e-13,41045.771902097935,41045.771902097884
2025-03-19,6.945723116449921e-11,0.0,0.0,0.0,9.983125437429408e-13,0.0,1.1368683772161603e-13,8.970602038971265e-13,39824.08253197024,39824.08253197017
2025-03-20,3450.7306474671095,4919.849802906086,717.9780422745455,717.9780422745464,1.0089706847793423e-12,0.0,1.1368683772161603e-13,9.094947017729282e-13,44197.84597567293,45666.9651311119
2025-03-21,113.13994334266613,113.13994334263384,29.60228763543533,29.60228763543533,9.601208716958354e-13,0.0,5.684341886080802e-14,9.094947017729282e-13,15843.38621000784,15843.386210007808
2025-03-22,4.723389723793047e-11,0.0,0.0,0.0,8.526512829121202e-13,0.0,5.684341886080802e-14,9.094947017729282e-13,15480.396583740763,15480.396583740716
2025-03-23,5.2608454259583945e-11,0.0,0.0,0.0,9.450218385609332e-13,0.0,1.1368683772161603e-13,9.094947017729282e-13,40465.84178431032,40465.84178431027
2025-03-24,7.183914058073172e-11,0.0,0.0,0.0,9.725553695716371e-13,0.0,1.1368683772161603e-13,8.846257060213247e-13,39452.463853225665,39452.46385322559
2025-03-25,45.343362595294494,45.34336259521371,9.67737970231858,9.67737970231858,1.0231815394945443e-12,0.0,1.4210854715202004e-14,9.094947017729282e-13,39689.229425151796,39689.229425151716
2025-03-26,5.370493817713484e-11,0.0,0.0,0.0,1.0231815394945443e-12,0.0,1.1368683772161603e-13,9.094947017729282e-13,39586.60806097436,39586.60806097431
2025-03-27,7.13561252307926e-11,0.0,0.0,0.0,1.0231815394945443e-12,0.0,1.1368683772161603e-13,9.094947017729282e-13,38517.89492152338,38517.89492152331
2025-03-28,2.750694205744253e-11,0.0,0.0,0.0,9.414691248821327e-13,0.0,5.684341886080802e-14,9.094947017729282e-13,15143.731966126748,15143.731966126721
2025-03-29,48.63728109686678,48.637281096821,10.297133013754262,10.297133013754262,7.958078640513122e-13,0.0,2.842170943040401e-14,9.094947017729282e-13,14999.194160745303,14999.194160745257
2025-03-30,6.503123128887011e-11,0.0,0.0,0.0,1.0231815394945443e-12,0.0,5.684341886080802e-14,9.094947017729282e-13,37361.24809871803,37361.248098717966
2025-03-31,1058.7130089182851,290.37525517214726,241.45462466357677,60.096645491569305,1.0089706847793423e-12,0.0,1.1368683772161603e-13,9.094947017729282e-13,38254.75607915559,37486.41832540945
2025-04-01,2679.1126724464557,4788.919152678863,508.1535415034631,689.5115206754676,9.805489753489383e-13,0.0,2.842170943040401e-14,9.094947017729282e-13,41861.94631577264,43971.75279600505
2025-04-02,7114.015599489947,7109.907099489892,1433.1879651322902,1433.1879651322902,1.0107470416187425e-12,0.0,1.1368683772161603e-13,9.094947017729282e-13,45602.72061304247,45598.612113042414
2025-04-03,5.2287330465361497e-11,0.0,0.0,0.0,9.450218385609332e-13,0.0,1.1368683772161603e-13,8.846257060213247e-13,39309.83632356964,39309.83632356959
2025-04-04,4.0675575352366876e-11,0.0,0.0,0.0,7.958078640513122e-13,0.0,2.842170943040401e-14,9.094947017729282e-13,14506.921126908719,14506.921126908679
2025-04-05,2748.903042437169,0.0,562.2822585799228,0.0,9.663381206337363e-13,0.0,5.684341886080802e-14,8.952838470577262e-13,17767.42025203554,15018.51720959837
2025-04-06,5.4662642412495186e-11,0.0,0.0,0.0,1.0231815394945443e-12,0.0,3.552713678800501e-15,9.094947017729282e-13,37468.69487334747,37468.69487334741
2025-04-07,7.873035684502483e-11,0.0,0.0,0.0,1.0231815394945443e-12,0.0,1.1368683772161603e-13,9.094947017729282e-13,36062.903274770266,36062.903274770186
2025-04-08,954.4894917728332,956.0210839842847,157.53318917142113,157.53318917142101,9.308109838457312e-13,0.0,5.684341886080802e-14,9.094947017729282e-13,37549.25494916682,37550.78654137827
2025-04-09,2049.676852657589,3007.8763513260083,460.3257013057755,434.38962201529006,1.0231815394945443e-12,0.0,1.1368683772161603e-13,9.094947017729282e-13,41607.36018941275,42565.559688081164
2025-04-10,5.6928636249509175e-11,0.0,0.0,0.0,9.841016890277388e-13,0.0,2.842170943040401e-14,9.094947017729282e-13,37850.20118248558,37850.20118248552
2025-04-11,3.6391158642068435e-11,0.0,0.0,0.0,9.094947017729282e-13,0.0,5.684341886080802e-14,9.094947017729282e-13,14255.384533356066,14255.38453335603
2025-04-12,4.304718803638252e-11,0.0,0.0,0.0,1.0107470416187425e-12,0.0,2.842170943040401e-14,9.094947017729282e-13,14166.526008504074,14166.52600850403
2025-04-13,7.284466696511061e-11,0.0,0.0,0.0,9.734435479913373e-13,0.0,5.684341886080802e-14,8.881784197001252e-13,35241.02114331055,35241.02114331048
2025-04-14,4.417833165959451e-11,0.0,0.0,0.0,9.725553695716371e-13,0.0,1.1368683772161603e-13,9.094947017729282e-13,35528.47857489086,35528.47857489082
2025-04-15,31.103013805217007,31.10301380513327,8.012110717448035,8.012110717448035,1.0231815394945443e-12,0.0,5.684341886080802e-14,9.094947017729282e-13,34863.7465442043,34863.74654420422
2025-04-16,1609.6957043380921,1804.8597612953574,355.98104175146005,267.01992332136166,1.0089706847793423e-12,0.0,1.1368683772161603e-13,9.094947017729282e-13,38726.654869339414,38921.818926296684
2025-04-17,7.941866847493984e-11,0.0,0.0,0.0,9.978684545330907e-13,0.0,1.1368683772161603e-13,9.094947017729282e-13,35377.01262749183,35377.01262749175
2025-04-18,2.429603207509956e-11,0.0,0.0,0.0,7.958078640513122e-13,0.0,2.842170943040401e-14,9.094947017729282e-13,13584.267886370884,13584.26788637086
2025-04-19,3.831155215294757e-11,0.0,0.0,0.0,1.0231815394945443e-12,0.0,5.684341886080802e-14,9.094947017729282e-13,13087.787934354823,13087.787934354785
2025-04-20,6.848248901292209e-11,0.0,0.0,0.0,1.0231815394945443e-12,0.0,5.684341886080802e-14,9.094947017729282e-13,34418.07223668298,34418.072236682914
2025-04-21,371.7272397545937,371.72723975453846,82.3197400849734,82.3197400849734,8.57980353430321e-13,0.0,5.684341886080802e-14,9.094947017729282e-13,34425.79079613698,34425.79079613692
2025-04-22,1416.0728200019062,1922.474184484031,400.0947989958648,304.0848270268019,9.983125437429408e-13,0.0,1.1368683772161603e-13,8.970602038971265e-13,34862.94777083267,35369.34913531479
2025-04-23,8.383092570118933e-11,0.0,0.0,0.0,1.0231815394945443e-12,0.0,1.1368683772161603e-13,9.094947017729282e-13,33547.75507722298,33547.75507722289
2025-04-24,6.454351664242352e-11,0.0,0.0,0.0,9.983125437429408e-13,0.0,1.1368683772161603e-13,9.094947017729282e-13,33177.01213698436,33177.0121369843
2025-04-25,5.098267763514741e-11,0.0,0.0,0.0,1.0231815394945443e-12,0.0,5.684341886080802e-14,9.094947017729282e-13,12735.993765879457,12735.993765879406
2025-04-26,3.782791874185065e-11,0.0,0.0,0.0,8.526512829121202e-13,0.0,5.684341886080802e-14,9.094947017729282e-13,12968.140591766261,12968.140591766223
2025-04-27,1005.253865266274,606.2929159349522,210.13197573564418,88.81634161273882,9.094947017729282e-13,0.0,1.1368683772161603e-13,8.810729923425242e-13,33394.79194953253,32995.83100020121
2025-04-28,1763.4036934543267,2565.691080190149,362.35107488411893,394.7561100261269,9.094947017729282e-13,0.0,5.684341886080802e-14,9.094947017729282e-13,43161.73841489379,43964.025801629614
2025-04-29,8.369578363698338e-11,0.0,0.0,0.0,9.841016890277388e-13,0.0,2.842170943040401e-14,9.094947017729282e-13,34532.49459479648,34532.49459479639
2025-04-30,7.389664724577473e-11,0.0,0.0,0.0,9.663381206337363e-13,0.0,5.684341886080802e-14,9.094947017729282e-13,33102.684520688286,33102.68452068821
2025-05-01,10558.272692639028,11007.357729371179,1731.7891325767678,1731.7891325767669,1.0125233984581428e-12,0.0,1.1368683772161603e-13,9.094947017729282e-13,44095.48064613574,44544.56568286789
2025-05-02,12228.007015036528,11202.577838743233,2321.3240281253366,1895.7532096253376,1.0231815394945443e-12,0.0,1.4210854715202004e-14,9.094947017729282e-13,26396.019160219555,25370.589983926257
2025-05-03,5.093095717475559,5.093095717433423,1.3119772584836227,1.3119772584836227,8.206768598029157e-13,0.0,1.1368683772161603e-13,8.810729923425242e-13,15661.071268593314,15661.071268593272
2025-05-04,5.960573057350871e-11,0.0,0.0,0.0,9.805489753489383e-13,0.0,1.1368683772161603e-13,9.094947017729282e-13,36664.01502826615,36664.01502826609
2025-05-05,8.273777840628326e-11,0.0,0.0,0.0,1.0231815394945443e-12,0.0,1.1368683772161603e-13,9.094947017729282e-13,37477.54377689279,37477.54377689271
2025-05-06,7.005048990871287e-11,0.0,0.0,0.0,1.0125233984581428e-12,0.0,5.684341886080802e-14,9.094947017729282e-13,36388.75111117691,36388.75111117684
2025-05-07,7.549069058754299e-11,0.0,0.0,0.0,9.725553695716371e-13,0.0,2.842170943040401e-14,9.094947017729282e-13,36639.0389773965,36639.03897739643
2025-05-08,8.22254118126864e-11,0.0,0.0,0.0,9.974243653232406e-13,0.0,5.684341886080802e-14,8.979483823168266e-13,38089.15048625734,38089.15048625726
2025-05-09,30.482786744208866,30.48278674415804,7.975611393029315,7.975611393029315,8.464340339742193e-13,0.0,1.1368683772161603e-13,9.094947017729282e-13,14763.487316535588,14763.487316535537
2025-05-10,5.3261703991669406e-11,0.0,0.0,0.0,9.032774528350274e-13,0.0,1.1368683772161603e-13,8.131273432354647e-13,15415.233390563279,15415.233390563226
2025-05-11,62.58171287052051,62.58171287044571,9.283054642207958,9.283054642208072,9.472422846101836e-13,0.0,1.1368683772161603e-13,9.094947017729282e-13,38798.82328428484,38798.82328428476
2025-05-12,6.665381513393243e-11,0.0,0.0,0.0,9.521272659185342e-13,0.0,1.1368683772161603e-13,8.810729923425242e-13,37600.70236152319,37600.70236152312
2025-05-13,5.88764457187807e-11,0.0,0.0,0.0,9.592326932761353e-13,0.0,1.1368683772161603e-13,9.094947017729282e-13,36700.00367306908,36700.00367306902
2025-05-14,7.143739066961529e-11,0.0,0.0,0.0,9.601208716958354e-13,0.0,1.1368683772161603e-13,8.641976023682219e-13,36346.079394964465,36346.07939496439
2025-05-15,7.454581330001985e-11,0.0,0.0,0.0,9.947598300641403e-13,0.0,1.1368683772161603e-13,9.094947017729282e-13,36177.67706371857,36177.677063718496
2025-05-16,4.183397273038736e-11,0.0,0.0,0.0,9.094947017729282e-13,0.0,5.684341886080802e-14,9.094947017729282e-13,14982.676247130437,14982.676247130395
2025-05-17,665.1470226913016,665.1470226912571,103.77461185816719,103.77461185816719,9.094947017729282e-13,0.0,1.1368683772161603e-13,8.242295734817162e-13,15353.911155585316,15353.911155585272
2025-05-18,9.418553801633644e-11,0.0,0.0,0.0,9.947598300641403e-13,0.0,1.1368683772161603e-13,9.094947017729282e-13,36765.51659023389,36765.5165902338
2025-05-19,6.46319560648756e-11,0.0,0.0,0.0,9.2237328885858e-13,0.0,5.684341886080802e-14,9.094947017729282e-13,35608.715661526905,35608.71566152684
2025-05-20,3228.8509431024286,5305.5678824335955,764.9772657194073,764.9772657194088,1.0089706847793423e-12,0.0,1.1368683772161603e-13,9.094947017729282e-13,38711.02934559262,40787.74628492379
2025-05-21,7.846084121299057e-11,0.0,0.0,0.0,1.0231815394945443e-12,0.0,1.1368683772161603e-13,9.094947017729282e-13,35943.12306238699,35943.12306238691
2025-05-22,7.335271667852084e-11,0.0,0.0,0.0,9.485745522397337e-13,0.0,1.1368683772161603e-13,8.846257060213247e-13,35684.13751543194,35684.13751543187
2025-05-23,4.2826375529214643e-11,0.0,0.0,0.0,9.769962616701378e-13,0.0,1.1368683772161603e-13,8.846257060213247e-13,14664.207277912961,14664.207277912918
2025-05-24,3.023933914381161e-11,0.0,0.0,0.0,1.0231815394945443e-12,0.0,1.1368683772161603e-13,9.094947017729282e-13,14639.553962622964,14639.553962622933
2025-05-25,7.269164575829378e-11,0.0,0.0,0.0,9.601208716958354e-13,0.0,1.1368683772161603e-13,9.094947017729282e-13,34556.14677852586,34556.146778525785
2025-05-26,906.3698837159885,0.0,185.60607435541408,0.0,1.0231815394945443e-12,0.0,5.684341886080802e-14,9.094947017729282e-13,40026.64384053857,39120.27395682258
2025-05-27,5.7504226491644773e-11,0.0,0.0,0.0,1.0231815394945443e-12,0.0,5.684341886080802e-14,9.094947017729282e-13,35408.99215663712,35408.99215663706
2025-05-28,8.558508418632372e-11,0.0,0.0,0.0,9.663381206337363e-13,0.0,1.1368683772161603e-13,9.094947017729282e-13,34860.796827957296,34860.79682795721
2025-05-29,1351.4055126403268,1846.726773143413,265.0054491880879,265.00544918808595,1.0089706847793423e-12,0.0,1.1368683772161603e-13,9.094947017729282e-13,36927.28226407336,37422.60352457644
2025-05-30,4.942835829524484e-11,0.0,0.0,0.0,7.958078640513122e-13,0.0,1.1368683772161603e-13,9.094947017729282e-13,15353.163740648577,15353.163740648528
2025-05-31,2.2740939797927237e-11,0.0,0.0,0.0,8.526512829121202e-13,0.0,1.1368683772161603e-13,9.094947017729282e-13,14761.045492833318,14761.045492833295
2025-06-01,29385.29194099219,35709.67231313006,5870.562260916521,5870.56226091652,7.958078640513122e-13,0.0,5.684341886080802e-14,8.313350008393172e-13,76216.91647248212,82541.29684462
2025-06-02,3328.5961685383327,3829.1668084416383,611.7663851774946,601.6473813138281,9.592326932761353e-13,0.0,5.684341886080802e-14,9.094947017729282e-13,49962.994684986945,50463.56532489025
2025-06-03,121.68839919070226,121.68839919064919,18.058105199090733,18.05810519909096,1.0231815394945443e-12,0.0,1.1368683772161603e-13,9.094947017729282e-13,47302.73773795478,47302.73773795473
2025-06-04,5.201292463397067e-11,0.0,0.0,0.0,9.094947017729282e-13,0.0,2.842170943040401e-14,9.094947017729282e-13,48679.02677836715,48679.0267783671
2025-06-05,8.143810410754515e-11,0.0,0.0,0.0,1.0231815394945443e-12,0.0,5.684341886080802e-14,9.094947017729282e-13,47221.22603672601,47221.22603672593
2025-06-06,26431.6420212502,30214.167745077273,5701.193340787114,5022.567949402832,9.094947017729282e-13,5.684341886080802e-14,1.1368683772161603e-13,8.526512829121202e-13,43262.60436745564,47045.130091282714
2025-06-07,4.066158365567674e-11,0.0,0.0,0.0,7.958078640513122e-13,0.0,1.1368683772161603e-13,8.952838470577262e-13,21339.995446300378,21339.995446300338
2025-06-08,5.484732312766027e-11,0.0,0.0,0.0,9.983125437429408e-13,0.0,1.1368683772161603e-13,8.988365607365267e-13,52096.21013273419,52096.21013273413
2025-06-09,9.140277912322858e-11,0.0,0.0,0.0,9.343636975245317e-13,0.0,1.1368683772161603e-13,9.094947017729282e-13,49574.72897218427,49574.72897218417
2025-06-10,7.06123752247656e-11,0.0,0.0,0.0,9.983125437429408e-13,0.0,1.1368683772161603e-13,9.094947017729282e-13,48905.32401491825,48905.32401491818
2025-06-11,7371.608826952207,6801.756980963938,1517.4817010114466,1405.4907884678987,1.0231815394945443e-12,0.0,1.1368683772161603e-13,9.094947017729282e-13,57840.09887180135,57270.24702581308
2025-06-12,6.678258768211265e-11,0.0,0.0,0.0,8.881784197001252e-13,0.0,1.1368683772161603e-13,9.094947017729282e-13,52484.105920251146,52484.10592025108
2025-06-13,4.217063453992864e-11,0.0,0.0,0.0,1.0231815394945443e-12,0.0,1.1368683772161603e-13,9.094947017729282e-13,20563.56617328124,20563.566173281197
2025-06-14,4.77556320599426e-11,0.0,0.0,0.0,1.0231815394945443e-12,0.0,1.1368683772161603e-13,9.094947017729282e-13,21823.136388735355,21823.136388735307
2025-06-15,6.343088188032197e-11,0.0,0.0,0.0,9.094947017729282e-13,0.0,1.1368683772161603e-13,9.094947017729282e-13,50170.563331093894,50170.56333109383
2025-06-16,5.860867332424523e-11,0.0,0.0,0.0,9.352518759442319e-13,0.0,1.1368683772161603e-13,8.597567102697212e-13,49979.131454917966,49979.13145491791
2025-06-17,7.826486259077115e-11,0.0,0.0,0.0,1.0231815394945443e-12,0.0,1.1368683772161603e-13,9.094947017729282e-13,50172.53619622769,50172.53619622761
2025-06-18,6.23859951476291e-11,0.0,0.0,0.0,8.952838470577262e-13,0.0,1.1368683772161603e-13,9.094947017729282e-13,51589.84163760518,51589.84163760512
2025-06-19,6.667692575845763e-11,0.0,0.0,0.0,1.0231815394945443e-12,0.0,1.1368683772161603e-13,9.094947017729282e-13,49812.081672701526,49812.08167270146
2025-06-20,4.577914403114392e-11,0.0,0.0,0.0,1.0231815394945443e-12,0.0,1.1368683772161603e-13,9.094947017729282e-13,20975.735706935444,20975.735706935397
2025-06-21,121.85106525500025,0.0,42.69483716011399,0.0,9.841016890277388e-13,0.0,1.1368683772161603e-13,8.846257060213247e-13,19938.68110528732,19816.83004003232
2025-06-22,9.712951787310686e-11,0.0,0.0,0.0,9.876544027065393e-13,0.0,1.1368683772161603e-13,9.094947017729282e-13,45512.22598844033,45512.22598844024
2025-06-23,6.616189063279875e-11,0.0,0.0,0.0,1.0231815394945443e-12,0.0,1.1368683772161603e-13,9.094947017729282e-13,45856.912415151186,45856.91241515112
2025-06-24,16667.775432929055,17293.604097418316,3483.51994866988,3304.749823637444,9.601208716958354e-13,0.0,7.105427357601002e-15,9.094947017729282e-13,66252.51075614372,66878.33942063298
2025-06-25,6.836143051636156e-11,0.0,0.0,0.0,9.663381206337363e-13,0.0,1.1368683772161603e-13,9.094947017729282e-13,50350.68958148547,50350.68958148541
2025-06-26,7.737306617627838e-11,0.0,0.0,0.0,9.467981954003335e-13,0.0,2.842170943040401e-14,9.094947017729282e-13,48493.67685894876,48493.67685894868
2025-06-27,4.75470038896475e-11,0.0,0.0,0.0,1.0231815394945443e-12,0.0,1.1368683772161603e-13,9.094947017729282e-13,19629.13950554581,19629.13950554576
2025-06-28,4.0514937182933866e-11,0.0,0.0,0.0,9.094947017729282e-13,0.0,1.1368683772161603e-13,9.094947017729282e-13,18813.824893089277,18813.824893089237
2025-06-29,75.94309071403987,0.0,26.73111253570997,0.0,1.0231815394945443e-12,0.0,5.684341886080802e-14,9.094947017729282e-13,46299.97225215686,46224.02916144282
2025-06-30,6.675897168406664e-11,0.0,0.0,0.0,9.947598300641403e-13,0.0,1.1368683772161603e-13,8.810729923425242e-13,47064.17040683398,47064.17040683392
2025-07-01,24380.853239619242,34770.306213279895,5797.5070877210865,5797.507087721086,9.663381206337363e-13,0.0,5.684341886080802e-14,9.094947017729282e-13,72745.96392355274,83135.4168972134
2025-07-02,3206.1865999966985,2529.065712970935,717.1749958057728,397.93143483438666,9.094947017729282e-13,0.0,1.1368683772161603e-13,9.094947017729282e-13,54621.46855080979,53944.34766378403
2025-07-03,8722.437724274183,10654.679806118587,1619.973544924926,1619.9735449249233,1.0231815394945443e-12,0.0,1.1368683772161603e-13,9.094947017729282e-13,62454.70622939153,64386.94831123593
2025-07-04,27896.18882164645,31497.095047808558,6682.3554390971785,6682.355439097178,9.379164112033322e-13,0.0,1.4210854715202004e-14,9.094947017729282e-13,47798.42984026023,51399.33606642234
2025-07-05,250.61132773222252,250.6113277321728,65.56109911327299,65.56109911327299,7.958078640513122e-13,0.0,1.1368683772161603e-13,9.094947017729282e-13,25933.197998198808,25933.197998198757
2025-07-06,3836.88991535274,4935.938783912482,834.225068480469,712.3140779652033,1.0089706847793423e-12,0.0,1.1368683772161603e-13,9.094947017729282e-13,58837.56442647246,59936.613295032206
2025-07-07,6.04697377726282e-11,0.0,0.0,0.0,9.601208716958354e-13,0.0,1.1368683772161603e-13,9.094947017729282e-13,54201.57104994845,54201.57104994839
2025-07-08,5.994805141185111e-11,0.0,0.0,0.0,1.0231815394945443e-12,0.0,1.1368683772161603e-13,9.094947017729282e-13,52102.17526364251,52102.17526364245
2025-07-09,5.7199945113772794e-11,0.0,0.0,0.0,9.841016890277388e-13,0.0,1.1368683772161603e-13,8.86402062860725e-13,53126.695260464374,53126.695260464316
2025-07-10,4.490734251128003e-11,0.0,0.0,0.0,1.0231815394945443e-12,0.0,1.1368683772161603e-13,9.094947017729282e-13,51036.57668761464,51036.57668761459
2025-07-11,962.3645075448925,962.3645075448524,243.1183001552609,243.1183001552609,8.846257060213247e-13,0.0,1.1368683772161603e-13,9.094947017729282e-13,26040.067525268383,26040.067525268343
2025-07-12,5.45657855149928e-11,0.0,0.0,0.0,8.739675649849232e-13,0.0,1.1368683772161603e-13,9.094947017729282e-13,26266.829681116105,26266.82968111605
2025-07-13,4.930788838342082e-11,0.0,0.0,0.0,1.0231815394945443e-12,0.0,1.1368683772161603e-13,9.094947017729282e-13,53373.30700443795,53373.3070044379
2025-07-14,6.336891722469318e-11,0.0,0.0,0.0,9.485745522397337e-13,0.0,1.1368683772161603e-13,9.094947017729282e-13,50249.160659804336,50249.16065980427
2025-07-15,8.384384120319054e-11,0.0,0.0,0.0,1.0231815394945443e-12,0.0,1.1368683772161603e-13,9.094947017729282e-13,50422.58823642423,50422.58823642414
2025-07-16,9.17154327484404e-11,0.0,0.0,0.0,1.0231815394945443e-12,0.0,1.1368683772161603e-13,9.094947017729282e-13,49898.67378576557,49898.67378576547
2025-07-17,7.501381826813259e-11,0.0,0.0,0.0,9.379164112033322e-13,0.0,5.684341886080802e-14,8.846257060213247e-13,49837.72447323053,49837.72447323046
2025-07-18,3.629035738583752e-11,0.0,0.0,0.0,9.237055564881302e-13,0.0,1.1368683772161603e-13,9.094947017729282e-13,26588.71570022781,26588.715700227775
2025-07-19,4.83128883566053e-11,0.0,0.0,0.0,9.343636975245317e-13,0.0,1.1368683772161603e-13,9.094947017729282e-13,25573.90246149773,25573.902461497684
2025-07-20,6.232728148869437e-11,0.0,0.0,0.0,9.983125437429408e-13,0.0,1.1368683772161603e-13,9.094947017729282e-13,51603.0690748327,51603.06907483264
2025-07-21,6.810122776812477e-11,0.0,0.0,0.0,9.876544027065393e-13,0.0,2.842170943040401e-14,9.094947017729282e-13,50799.28438286513,50799.284382865066
2025-07-22,8.036633403207816e-11,0.0,0.0,0.0,1.0089706847793423e-12,0.0,1.1368683772161603e-13,9.094947017729282e-13,51161.44691877298,51161.4469187729
2025-07-23,5.998981274235594e-11,0.0,0.0,0.0,1.0107470416187425e-12,0.0,1.1368683772161603e-13,9.094947017729282e-13,51860.30590999501,51860.30590999495
2025-07-24,7.570389515265674e-11,0.0,0.0,0.0,1.0231815394945443e-12,0.0,1.1368683772161603e-13,9.094947017729282e-13,52379.43282784679,52379.432827846715
2025-07-25,3.647924762262278e-11,0.0,0.0,0.0,8.473222123939195e-13,0.0,1.1368683772161603e-13,8.100187187665142e-13,25840.51198521349,25840.511985213452
2025-07-26,3.9914837657306635e-11,0.0,0.0,0.0,9.094947017729282e-13,0.0,1.1368683772161603e-13,8.846257060213247e-13,24936.443613377345,24936.443613377305
2025-07-27,5.870880542824253e-11,0.0,0.0,0.0,1.0231815394945443e-12,0.0,1.1368683772161603e-13,9.094947017729282e-13,50824.41999717594,50824.41999717588
2025-07-28,4283.083302243194,4970.694005615438,923.2054288046727,750.087738006029,9.876544027065393e-13,1.1368683772161603e-13,1.1368683772161603e-13,8.881784197001252e-13,56052.76375655002,56740.374459922255
2025-07-29,5.801128111215803e-11,0.0,0.0,0.0,9.983125437429408e-13,0.0,1.1368683772161603e-13,9.094947017729282e-13,52710.16221896746,52710.1622189674
2025-07-30,7.30740973026861e-11,0.0,0.0,0.0,9.726663918740996e-13,0.0,1.1368683772161603e-13,9.094947017729282e-13,51936.77833989688,51936.77833989681
2025-07-31,5.964281979409237e-11,0.0,0.0,0.0,1.0231815394945443e-12,0.0,1.1368683772161603e-13,9.094947017729282e-13,51426.69145499786,51426.6914549978
2025-08-01,4.957052419062025e-11,0.0,0.0,0.0,9.841016890277388e-13,0.0,1.1368683772161603e-13,9.094947017729282e-13,25251.744026002365,25251.744026002314
2025-08-02,5.1632589759265106e-11,0.0,0.0,0.0,9.094947017729282e-13,0.0,1.1368683772161603e-13,9.094947017729282e-13,24007.709069818993,24007.709069818942
2025-08-03,100.16035965093621,100.16035965088915,23.763883817019607,23.76388381701972,1.0125233984581428e-12,0.0,5.684341886080802e-14,9.094947017729282e-13,45988.18860819774,45988.18860819769
2025-08-04,307.13045093394686,0.0,62.54166071303662,0.0,9.983125437429408e-13,0.0,5.684341886080802e-14,9.094947017729282e-13,45576.07079066114,45268.940339727196
2025-08-05,9.020695745931562e-11,0.0,0.0,0.0,1.0231815394945443e-12,0.0,1.4210854715202004e-14,9.094947017729282e-13,44650.606006643175,44650.60600664309
2025-08-06,5087.590396183736,8447.815655252416,1211.6697554222621,1274.2114161353015,9.237055564881302e-13,0.0,1.1368683772161603e-13,9.094947017729282e-13,51919.14583084978,55279.37108991846
2025-08-07,147.67757519532478,147.6775751952612,21.905744299526873,21.905744299526987,9.983125437429408e-13,0.0,1.1368683772161603e-13,9.094947017729282e-13,45831.00147652471,45831.001476524645
2025-08-08,5.4708089836097425e-11,0.0,0.0,0.0,1.0231815394945443e-12,0.0,1.1368683772161603e-13,9.094947017729282e-13,23379.049109137264,23379.04910913721
2025-08-09,3.5929582975491314e-11,0.0,0.0,0.0,1.0231815394945443e-12,0.0,5.684341886080802e-14,9.094947017729282e-13,22843.132842554838,22843.1328425548
2025-08-10,1799.9982879665554,2010.2681883534228,306.19458218751504,306.19458218751504,1.0231815394945443e-12,0.0,1.1368683772161603e-13,9.094947017729282e-13,46212.52244217291,46422.79234255978
2025-08-11,7.280022451539024e-11,0.0,0.0,0.0,9.237055564881302e-13,0.0,5.684341886080802e-14,8.331113576787175e-13,43886.62589493105,43886.62589493098
2025-08-12,5194.176648014925,7409.193190593888,1097.0802467822823,1097.080246782281,9.876544027065393e-13,0.0,1.1368683772161603e-13,9.094947017729282e-13,51125.712633793235,53340.7291763722
2025-08-13,7.097712684256408e-11,0.0,0.0,0.0,1.0231815394945443e-12,0.0,1.4210854715202004e-14,9.094947017729282e-13,45195.24677554069,45195.24677554062
2025-08-14,1029.9797701741861,1029.9797701741113,157.97033973808138,157.97033973808138,1.0231815394945443e-12,0.0,5.684341886080802e-14,9.094947017729282e-13,46339.41859850166,46339.41859850159
2025-08-15,751.7293148440049,1121.9287409578667,270.992213382052,270.992213382052,9.094947017729282e-13,0.0,1.1368683772161603e-13,9.094947017729282e-13,24373.16020304053,24743.359629154394
2025-08-16,941.6315070542094,969.8821634197521,139.0312734259967,139.03127342599657,9.2192919964873e-13,0.0,1.1368683772161603e-13,8.881784197001252e-13,24317.607590553158,24345.858246918702
2025-08-17,38.806603987416956,38.80660398735091,5.753388285745018,5.753388285745132,9.983125437429408e-13,0.0,2.842170943040401e-14,8.979483823168266e-13,44293.16162222829,44293.161622228225
2025-08-18,2091.3183287897295,1460.512957487523,463.02532005391794,220.69282056232493,1.0231815394945443e-12,0.0,5.684341886080802e-14,9.094947017729282e-13,46832.77907096253,46201.97369966033
2025-08-19,589.8009924346774,1692.6089201077093,87.38471118859661,280.45929824852675,1.0089706847793423e-12,0.0,1.1368683772161603e-13,9.094947017729282e-13,44409.876339380135,45512.68426705317
2025-08-20,7342.998367733528,7889.77778150639,1457.9672235429352,1324.3659154021807,1.0231815394945443e-12,0.0,5.684341886080802e-14,9.094947017729282e-13,58094.99394708919,58641.773360862055
2025-08-21,6.411454844812426e-11,0.0,0.0,0.0,1.0231815394945443e-12,0.0,1.1368683772161603e-13,9.094947017729282e-13,46050.82157688492,46050.82157688485
2025-08-22,998.0768107070447,936.4651375897959,220.19562603042647,172.15278937753106,7.958078640513122e-13,0.0,1.1368683772161603e-13,9.094947017729282e-13,25430.98661930308,25369.37494618583
2025-08-23,5.269184466527577e-11,0.0,0.0,0.0,1.0231815394945443e-12,0.0,5.684341886080802e-14,9.094947017729282e-13,23846.493817501247,23846.493817501196
2025-08-24,6.239898509008412e-11,0.0,0.0,0.0,9.094947017729282e-13,0.0,5.684341886080802e-14,9.094947017729282e-13,45623.27482198772,45623.27482198765
2025-08-25,3991.7478821377554,4087.7864283101485,820.1029324400159,585.9785591040924,9.983125437429408e-13,0.0,1.1368683772161603e-13,9.094947017729282e-13,54030.94478710402,54126.98333327642
2025-08-26,5.357427435015439e-11,0.0,0.0,0.0,9.978684545330907e-13,0.0,1.1368683772161603e-13,8.981704269217516e-13,46690.340449373514,46690.34044937346
2025-08-27,7.478721709974767e-11,0.0,0.0,0.0,9.601208716958354e-13,0.0,1.1368683772161603e-13,9.094947017729282e-13,46561.97238096794,46561.97238096787
2025-08-28,1782.2722620511136,2673.9067296516996,386.8626465720067,386.86264657200564,9.805489753489383e-13,0.0,1.1368683772161603e-13,8.810729923425242e-13,51393.156817013216,52284.791284613806
2025-08-29,4.931452757261922e-11,0.0,0.0,0.0,8.988365607365267e-13,0.0,1.1368683772161603e-13,8.064660050877137e-13,24724.503356426896,24724.503356426845
2025-08-30,57.19657076778826,0.0,30.80881808119335,0.0,9.094947017729282e-13,0.0,1.1368683772161603e-13,9.094947017729282e-13,24283.137952030702,24225.941381262914
2025-08-31,9.156767083462468e-11,0.0,0.0,0.0,9.734435479913373e-13,0.0,1.1368683772161603e-13,8.810729923425242e-13,45827.22139826483,45827.22139826474
2025-09-01,3.6314226292688546e-11,0.0,0.0,0.0,7.958078640513122e-13,0.0,1.1368683772161603e-13,9.094947017729282e-13,46189.96290369068,46189.96290369064
2025-09-02,3.6953472504208666e-11,0.0,0.0,0.0,7.958078640513122e-13,0.0,5.684341886080802e-14,9.094947017729282e-13,38466.96971185861,38466.969711858575
2025-09-03,473.2816022369125,0.0,94.91382124028382,0.0,9.983125437429408e-13,0.0,5.684341886080802e-14,9.094947017729282e-13,39081.61647008428,38608.33486784736
2025-09-04,653.0290676492266,653.0290676491766,96.48551243102929,96.4855124310294,1.0231815394945443e-12,0.0,5.684341886080802e-14,9.094947017729282e-13,38539.27527938492,38539.27527938487
2025-09-05,1.087513590292133e-11,0.0,0.0,0.0,7.958078640513122e-13,0.0,1.1368683772161603e-13,9.094947017729282e-13,24136.621862836095,24136.621862836084
2025-09-06,3.7000871422332436e-11,0.0,0.0,0.0,6.821210263296962e-13,0.0,1.1368683772161603e-13,9.094947017729282e-13,17526.289651382933,17526.289651382896
2025-09-07,79.00731291208095,0.0,19.531522588793155,0.0,9.592326932761353e-13,0.0,2.842170943040401e-14,8.810729923425242e-13,37235.50317832514,37156.49586541306
2025-09-08,7952.609714193835,12978.26955082786,1969.1326460831772,1964.6331343778809,9.947598300641403e-13,0.0,5.684341886080802e-14,8.952838470577262e-13,46903.92726214947,51929.58709878349
2025-09-09,1274.9360372276938,1278.094461139553,188.26204612292713,188.26204612292702,1.0231815394945443e-12,0.0,1.1368683772161603e-13,9.094947017729282e-13,39988.57831389864,39991.7367378105
2025-09-10,6984.585583723361,7786.474388303898,1393.4879827703892,1393.4879827703899,9.592326932761353e-13,0.0,1.1368683772161603e-13,8.597567102697212e-13,49678.1583684152,50480.047172995735
2025-09-11,367.515695747094,367.51569574703217,67.85029914277413,67.85029914277425,1.0231815394945443e-12,0.0,2.842170943040401e-14,9.094947017729282e-13,40595.49380030329,40595.49380030322
2025-09-12,2.3570088658608766e-11,0.0,0.0,0.0,7.389644451905042e-13,0.0,1.1368683772161603e-13,8.331113576787175e-13,18353.688297551744,18353.688297551722
2025-09-13,3.862628428219494e-11,0.0,0.0,0.0,7.709388682997087e-13,0.0,1.1368683772161603e-13,8.597567102697212e-13,17370.409111286735,17370.409111286695
2025-09-14,1512.1565375329064,1728.4359813026172,269.4583041997912,269.4583041997903,9.592326932761353e-13,0.0,1.1368683772161603e-13,8.668621376273222e-13,43394.76620983136,43611.04565360107
2025-09-15,4.89385698076994e-11,0.0,0.0,0.0,1.0089706847793423e-12,0.0,1.1368683772161603e-13,9.094947017729282e-13,39474.77185257691,39474.77185257686
2025-09-16,721.6212790161251,545.3224643116077,193.32780309551495,113.06953129962244,9.663381206337363e-13,0.0,1.1368683772161603e-13,9.094947017729282e-13,40758.059943179054,40581.761128474536
2025-09-17,31.948533370309264,31.948533370247674,7.022427381086004,7.022427381085322,1.0018652574217413e-12,0.0,5.684341886080802e-14,9.023892744153272e-13,40700.96527034529,40700.96527034522
2025-09-18,1286.2993487355961,1286.2993487355259,231.34950197986268,231.34950197986268,9.876544027065393e-13,0.0,2.842170943040401e-14,9.094947017729282e-13,41714.49853888851,41714.498538888445
2025-09-19,14.14129964284141,0.0,7.617182678582992,0.0,8.331113576787175e-13,0.0,1.1368683772161603e-13,8.952838470577262e-13,17783.26660489309,17769.12530525025
2025-09-20,415.9965252948747,415.99652529483217,101.03667621895941,101.03667621895941,9.343636975245317e-13,0.0,1.1368683772161603e-13,9.094947017729282e-13,18245.332586158896,18245.332586158853
2025-09-21,5.60991035014613e-11,0.0,0.0,0.0,1.0089706847793423e-12,0.0,5.684341886080802e-14,9.094947017729282e-13,42540.13138676722,42540.13138676716
2025-09-22,6.914589523177029e-11,0.0,0.0,0.0,9.983125437429408e-13,0.0,1.1368683772161603e-13,8.988365607365267e-13,41572.9325348806,41572.93253488053
2025-09-23,843.8864849477933,843.8864849477034,154.3527320829396,154.3527320829396,1.0089706847793423e-12,0.0,2.842170943040401e-14,9.094947017729282e-13,42587.73640899157,42587.736408991484
2025-09-24,7.901138454613488e-11,0.0,0.0,0.0,9.450218385609332e-13,0.0,2.842170943040401e-14,8.597567102697212e-13,42108.07588302136,42108.07588302128
2025-09-25,103.49743166673272,103.49743166666593,15.371666666667238,15.371666666666556,1.0107470416187425e-12,0.0,5.684341886080802e-14,9.094947017729282e-13,42009.507301054364,42009.50730105429
2025-09-26,3.2472339039912865e-11,0.0,0.0,0.0,7.389644451905042e-13,0.0,2.842170943040401e-14,9.094947017729282e-13,17980.238202782,17980.238202781966
2025-09-27,2039.150777374722,2055.0316028310403,331.38221572780355,331.38221572780355,9.094947017729282e-13,0.0,1.1368683772161603e-13,9.094947017729282e-13,20649.089235525527,20664.970060981846
2025-09-28,39.56136916675103,39.56136916666594,5.868333333333112,5.868333333333226,9.978684545330907e-13,0.0,1.1368683772161603e-13,9.094947017729282e-13,43909.7947759773,43909.794775977214
2025-09-29,228.9681546015262,228.96815460147025,42.223472212466476,42.22347221246579,9.947598300641403e-13,0.0,1.1368683772161603e-13,8.988365607365267e-13,43543.14040064031,43543.14040064025
2025-09-30,503.9680232431592,537.7634473722419,89.04904255932556,89.04904255932777,1.0231815394945443e-12,0.0,2.842170943040401e-14,9.094947017729282e-13,45445.945246663665,45479.74067079275
2025-10-01,2.961532930001453e-11,0.0,0.0,0.0,9.734435479913373e-13,0.0,1.1368683772161603e-13,8.739675649849232e-13,43931.50738894299,43931.50738894296
2025-10-02,4.1381213344848785e-11,0.0,0.0,0.0,9.592326932761353e-13,0.0,1.1368683772161603e-13,9.094947017729282e-13,39553.2171644887,39553.217164488655
2025-10-03,2.4312952096039452e-11,0.0,0.0,0.0,6.821210263296962e-13,0.0,5.684341886080802e-14,7.673861546209082e-13,17699.032942736943,17699.032942736918
2025-10-04,515.9027308453694,0.0,142.87758994295518,0.0,9.983125437429408e-13,0.0,1.4210854715202004e-14,9.094947017729282e-13,16074.99560136185,15559.09287051648
2025-10-05,5.129802316261589e-11,0.0,0.0,0.0,1.0107470416187425e-12,0.0,1.1368683772161603e-13,9.094947017729282e-13,39830.09139213463,39830.09139213458
2025-10-06,755.2794854405756,755.2794854405097,112.58738255088019,112.58738255088019,1.0089706847793423e-12,0.0,1.1368683772161603e-13,9.094947017729282e-13,39432.284080183876,39432.28408018381
2025-10-07,5.89095785485938e-11,0.0,0.0,0.0,1.0231815394945443e-12,0.0,1.1368683772161603e-13,9.094947017729282e-13,39513.34612433838,39513.34612433832
2025-10-08,5.8053531093449345e-11,0.0,0.0,0.0,9.983125437429408e-13,0.0,2.842170943040401e-14,9.094947017729282e-13,39012.3531627183,39012.35316271824
2025-10-09,5.020814666106821e-11,0.0,0.0,0.0,1.0018652574217413e-12,0.0,1.4210854715202004e-14,9.023892744153272e-13,39584.00884621783,39584.00884621778
2025-10-10,2.7990202489114325e-11,0.0,0.0,0.0,9.947598300641403e-13,0.0,5.684341886080802e-14,9.094947017729282e-13,16800.869490219422,16800.869490219393
2025-10-11,6.706681388024549e-11,0.0,0.0,0.0,9.414691248821327e-13,0.0,7.105427357601002e-15,8.473222123939195e-13,16395.174726815676,16395.17472681561
2025-10-12,8.074847412942175e-11,0.0,0.0,0.0,9.592326932761353e-13,0.0,2.842170943040401e-14,9.094947017729282e-13,39901.87403919063,39901.87403919055
2025-10-13,6.635024618617536e-11,0.0,0.0,0.0,9.343636975245317e-13,0.0,5.684341886080802e-14,8.419931418757187e-13,40254.7832112561,40254.783211256035
2025-10-14,8.096253278910836e-11,0.0,0.0,0.0,1.0231815394945443e-12,0.0,1.1368683772161603e-13,9.094947017729282e-13,40659.57723401609,40659.57723401601
2025-10-15,8.134836355921938e-11,0.0,0.0,0.0,1.0089706847793423e-12,0.0,2.842170943040401e-14,9.094947017729282e-13,41539.14923722659,41539.14923722651
2025-10-16,145.7630224459998,0.0,30.029772765291955,0.0,9.485745522397337e-13,0.0,3.552713678800501e-15,9.094947017729282e-13,42330.36819995061,42184.60517750461
2025-10-17,3.609800935944207e-11,0.0,0.0,0.0,8.968381592922015e-13,0.0,5.684341886080802e-14,9.094947017729282e-13,17047.08882465591,17047.088824655875
2025-10-18,4.036550074748569e-11,0.0,0.0,0.0,1.0043077480759166e-12,0.0,2.842170943040401e-14,9.039435866498025e-13,17060.823168793067,17060.823168793027
2025-10-19,5.87689204523123e-11,0.0,0.0,0.0,9.663381206337363e-13,0.0,2.842170943040401e-14,8.881784197001252e-13,42851.30330872918,42851.30330872912
2025-10-20,6.01336479499892e-11,0.0,0.0,0.0,9.663381206337363e-13,0.0,5.684341886080802e-14,8.668621376273222e-13,43880.29685139271,43880.29685139265
2025-10-21,328.19007802309403,0.0,70.00641596054015,0.0,9.947598300641403e-13,0.0,2.842170943040401e-14,9.094947017729282e-13,44675.086416504084,44346.89633848099
2025-10-22,7.041629868087539e-11,0.0,0.0,0.0,9.237055564881302e-13,0.0,1.1368683772161603e-13,8.881784197001252e-13,44601.327481880624,44601.32748188055
2025-10-23,7.47303346981809e-11,0.0,0.0,0.0,9.485745522397337e-13,0.0,1.1368683772161603e-13,9.094947017729282e-13,45332.201656097124,45332.20165609705
2025-10-24,570.3304264667357,570.3304264666843,116.46302374580802,116.46302374580802,8.08242361927114e-13,0.0,5.684341886080802e-14,9.094947017729282e-13,17504.808447902444,17504.808447902393
2025-10-25,4.443333762038648e-11,0.0,0.0,0.0,9.876544027065393e-13,0.0,5.684341886080802e-14,8.881784197001252e-13,17631.89658605996,17631.896586059916
2025-10-26,7.021579435939618e-11,0.0,0.0,0.0,9.592326932761353e-13,0.0,1.1368683772161603e-13,9.094947017729282e-13,44460.82684608586,44460.82684608579
2025-10-27,6.396018359389189e-11,0.0,0.0,0.0,9.379164112033322e-13,0.0,1.1368683772161603e-13,9.094947017729282e-13,43629.9279161533,43629.92791615323
2025-10-28,1036.1781159592213,471.3329680241108,221.557986161165,82.097913479156,1.0125233984581428e-12,0.0,1.1368683772161603e-13,9.094947017729282e-13,45274.72714493404,44709.88199699893
2025-10-29,4681.842421463353,7203.4040851058035,938.5272257702167,1077.9872984522226,1.0231815394945443e-12,0.0,1.1368683772161603e-13,9.094947017729282e-13,50463.44360359179,52985.005267234235
2025-10-30,6.276746011835144e-11,0.0,0.0,0.0,1.0231815394945443e-12,0.0,1.1368683772161603e-13,9.094947017729282e-13,45677.56261396663,45677.56261396656
2025-10-31,4.796047115007696e-11,0.0,0.0,0.0,7.958078640513122e-13,0.0,5.684341886080802e-14,9.094947017729282e-13,17710.603992766486,17710.60399276644
2025-11-01,5.154997062550848e-11,0.0,0.0,0.0,9.78994663114463e-13,0.0,5.684341886080802e-14,8.881784197001252e-13,18020.096771736513,18020.096771736462
2025-11-02,6.972696597884464e-11,0.0,0.0,0.0,9.71667191151937e-13,0.0,5.684341886080802e-14,9.094947017729282e-13,47265.90040182141,47265.90040182134
2025-11-03,5.2847024312185904e-11,0.0,0.0,0.0,9.237055564881302e-13,0.0,1.1368683772161603e-13,9.094947017729282e-13,48527.41626663837,48527.41626663832
2025-11-04,51.43857930595065,51.43857930588436,11.039758260147664,11.0397582601463,1.0231815394945443e-12,0.0,1.4210854715202004e-14,9.094947017729282e-13,46881.12598031625,46881.12598031618
2025-11-05,7.224336112665597e-11,0.0,0.0,0.0,9.450218385609332e-13,0.0,1.1368683772161603e-13,8.668621376273222e-13,47650.65177141652,47650.651771416444
2025-11-06,1879.7245637723893,1559.1925051644505,390.035110554796,321.5681549714925,9.876544027065393e-13,0.0,1.1368683772161603e-13,9.094947017729282e-13,49061.01640384792,48740.48434523998
2025-11-07,607.6839805296524,982.7459632149269,111.68454117766858,180.15149676096996,9.472422846101836e-13,0.0,1.4210854715202004e-14,9.094947017729282e-13,18882.372110743272,19257.434093428546
2025-11-08,5.332237663913109e-11,0.0,0.0,0.0,9.663381206337363e-13,0.0,5.684341886080802e-14,9.094947017729282e-13,18473.840175619505,18473.84017561945
2025-11-09,50.50253120245462,0.0,10.757823310281879,0.0,9.983125437429408e-13,0.0,2.842170943040401e-14,8.979483823168266e-13,48536.39417463659,48485.89164343414
2025-11-10,418.09652405520063,27.50814171836683,96.59455818846004,4.499941390212143,1.0107470416187425e-12,0.0,1.1368683772161603e-13,9.094947017729282e-13,50080.26652143709,49689.67813910026
2025-11-11,4.835578537587537e-11,0.0,0.0,0.0,9.734435479913373e-13,0.0,5.684341886080802e-14,8.846257060213247e-13,50377.381475509086,50377.381475509035
2025-11-12,6.43471216310587e-11,0.0,0.0,0.0,1.0231815394945443e-12,0.0,1.1368683772161603e-13,9.094947017729282e-13,49746.48807837912,49746.48807837906
2025-11-13,7.687372360898337e-11,0.0,0.0,0.0,9.237055564881302e-13,0.0,7.105427357601002e-15,9.094947017729282e-13,49188.441025247004,49188.441025246924
2025-11-14,6.591192752702924e-11,0.0,0.0,0.0,1.0231815394945443e-12,0.0,5.684341886080802e-14,9.094947017729282e-13,18701.5490725791,18701.549072579033
2025-11-15,4.883206683459207e-11,0.0,0.0,0.0,9.663381206337363e-13,0.0,5.684341886080802e-14,9.094947017729282e-13,18787.766950367393,18787.766950367346
2025-11-16,8.436685013449296e-11,0.0,0.0,0.0,9.610090501155355e-13,0.0,1.1368683772161603e-13,9.094947017729282e-13,50205.45338123719,50205.4533812371
2025-11-17,5.7012945142709263e-11,0.0,0.0,0.0,1.0231815394945443e-12,0.0,2.842170943040401e-14,9.094947017729282e-13,51063.11918986347,51063.11918986341
2025-11-18,56.29054010626527,0.0,13.535387999092222,0.0,1.0231815394945443e-12,0.0,5.684341886080802e-14,9.094947017729282e-13,50507.915322853696,50451.62478274743
2025-11-19,7.18880142080991e-11,0.0,0.0,0.0,9.592326932761353e-13,0.0,1.1368683772161603e-13,9.094947017729282e-13,51566.29710422659,51566.29710422652
2025-11-20,8.397243456137459e-11,0.0,0.0,0.0,9.734435479913373e-13,0.0,5.684341886080802e-14,9.094947017729282e-13,50841.37034987553,50841.37034987544
2025-11-21,5.7511447160152324e-11,0.0,0.0,0.0,9.343636975245317e-13,0.0,2.842170943040401e-14,9.094947017729282e-13,19166.32139776132,19166.32139776126
2025-11-22,5.159081428729451e-11,0.0,0.0,0.0,8.348877145181177e-13,0.0,5.684341886080802e-14,8.526512829121202e-13,19132.054016001428,19132.054016001377
2025-11-23,7.636288690271442e-11,0.0,0.0,0.0,9.343636975245317e-13,0.0,5.684341886080802e-14,9.094947017729282e-13,51675.36252534631,51675.36252534624
2025-11-24,13.614325346832361,13.614325346746645,2.9065596385033814,2.9065596385026993,1.0231815394945443e-12,0.0,5.684341886080802e-14,9.094947017729282e-13,51077.19038982356,51077.190389823474
2025-11-25,7.38606595884761e-11,0.0,0.0,0.0,9.983125437429408e-13,0.0,5.684341886080802e-14,9.094947017729282e-13,51924.779482248545,51924.77948224847
2025-11-26,127.37753703259534,0.0,27.50899849320399,0.0,1.0231815394945443e-12,0.0,1.1368683772161603e-13,9.094947017729282e-13,51977.402508476975,51850.02497144438
2025-11-27,1.0293557713147994e-10,0.0,0.0,0.0,9.734435479913373e-13,0.0,5.684341886080802e-14,9.094947017729282e-13,51894.64696274288,51894.64696274278
2025-11-28,6.665901386426754e-11,0.0,0.0,0.0,9.467981954003335e-13,0.0,5.684341886080802e-14,9.094947017729282e-13,19604.1813134797,19604.181313479636
2025-11-29,355.00449639624856,0.0,93.30254663828788,0.0,1.0231815394945443e-12,0.0,5.684341886080802e-14,9.094947017729282e-13,21029.399150860558,20674.394654464308
2025-11-30,8.46659152231588e-11,214.49517146860418,0.0,32.4905931450254,1.0107470416187425e-12,0.0,5.684341886080802e-14,9.094947017729282e-13,53922.14254705536,54136.637718523874
2025-12-01,15899.113440865134,21215.175981753775,4088.1381940893943,4099.796449017629,8.72191208145523e-13,0.0,1.4210854715202004e-14,8.810729923425242e-13,71981.39584918407,77297.45839007272
2025-12-02,6890.671220362097,8256.519958997038,1507.9323072282473,1557.0860057932734,1.0231815394945443e-12,0.0,1.1368683772161603e-13,9.094947017729282e-13,66198.79331201583,67564.64205065077
2025-12-03,7.390770884185826e-11,0.0,0.0,0.0,9.983125437429408e-13,0.0,1.1368683772161603e-13,8.988365607365267e-13,60089.9851158091,60089.985115809024
2025-12-04,280.5053004929897,280.50530049291774,47.52682559291984,47.526825592919955,1.0231815394945443e-12,0.0,1.1368683772161603e-13,9.094947017729282e-13,60825.329584976236,60825.32958497616
2025-12-05,12099.27536398688,15621.785852594641,2790.148123203643,2687.162368524219,9.947598300641403e-13,0.0,1.1368683772161603e-13,8.952838470577262e-13,35560.41886262448,39082.92935123224
2025-12-06,1269.713522218639,2305.0925431996143,288.9104103390655,391.8961650184867,1.0231815394945443e-12,0.0,1.1368683772161603e-13,9.094947017729282e-13,26499.103098784566,27534.482119765544
2025-12-07,5.2943408768157944e-11,0.0,0.0,0.0,9.947598300641403e-13,0.0,1.1368683772161603e-13,9.094947017729282e-13,62061.11186088606,62061.11186088601
2025-12-08,5.886941867316864e-11,0.0,0.0,0.0,9.2237328885858e-13,0.0,5.684341886080802e-14,8.526512829121202e-13,61807.108321414904,61807.108321414846
2025-12-09,63.957265164998766,63.95726516492878,11.010977905643927,11.010977905643244,8.952838470577262e-13,0.0,5.684341886080802e-14,9.094947017729282e-13,61420.22837030491,61420.22837030484
2025-12-10,8.084921424272168e-11,0.0,0.0,0.0,1.0231815394945443e-12,0.0,1.1368683772161603e-13,9.094947017729282e-13,60852.419973906195,60852.419973906115
2025-12-11,5.833584337811004e-11,0.0,0.0,0.0,9.592326932761353e-13,0.0,1.1368683772161603e-13,8.810729923425242e-13,61076.09403402632,61076.09403402626
2025-12-12,1651.5598813709594,1643.8984047566314,319.1309846044641,247.7287973542132,1.0089706847793423e-12,0.0,1.1368683772161603e-13,9.094947017729282e-13,26975.431622218566,26967.770145604238
2025-12-13,4.3401401028653195e-11,0.0,0.0,0.0,9.094947017729282e-13,0.0,2.842170943040401e-14,9.094947017729282e-13,25914.013082599326,25914.013082599282
2025-12-14,7.487906206193884e-11,0.0,0.0,0.0,1.0231815394945443e-12,0.0,1.1368683772161603e-13,9.094947017729282e-13,61272.369236600534,61272.36923660046
2025-12-15,7.40687860212308e-11,0.0,0.0,0.0,1.0089706847793423e-12,0.0,1.1368683772161603e-13,9.094947017729282e-13,61686.3064880001,61686.306488000024
2025-12-16,5.456407861648138e-11,0.0,0.0,0.0,1.0231815394945443e-12,0.0,1.1368683772161603e-13,9.094947017729282e-13,61989.89672401007,61989.89672401002
2025-12-17,6.785750494842091e-11,0.0,0.0,0.0,9.094947017729282e-13,0.0,1.1368683772161603e-13,9.094947017729282e-13,62210.16378560913,62210.16378560907
2025-12-18,5.087944121573429e-11,0.0,0.0,0.0,1.0089706847793423e-12,0.0,1.1368683772161603e-13,9.094947017729282e-13,61135.18132823538,61135.18132823533
2025-12-19,6.811341446422147e-11,0.0,0.0,0.0,9.876544027065393e-13,0.0,1.1368683772161603e-13,9.094947017729282e-13,25329.873484081178,25329.87348408111
2025-12-20,5.144260829814673e-11,0.0,0.0,0.0,9.592326932761353e-13,0.0,1.1368683772161603e-13,9.094947017729282e-13,25718.744486638112,25718.74448663806
2025-12-21,6.125406037948977e-11,0.0,0.0,0.0,9.094947017729282e-13,0.0,1.1368683772161603e-13,9.094947017729282e-13,61371.92850790342,61371.928507903365
2025-12-22,7.089955389449898e-11,0.0,0.0,0.0,9.841016890277388e-13,0.0,1.1368683772161603e-13,8.881784197001252e-13,61416.31642824475,61416.316428244674
2025-12-23,6.899172921848162e-11,0.0,0.0,0.0,1.0231815394945443e-12,0.0,1.1368683772161603e-13,9.094947017729282e-13,61756.86766802531,61756.86766802525
2025-12-24,6.829718707246357e-11,0.0,0.0,0.0,1.0089706847793423e-12,0.0,5.684341886080802e-14,9.094947017729282e-13,60670.760438327474,60670.76043832741
2025-12-25,6.973520805253486e-11,0.0,0.0,0.0,9.849898674474389e-13,0.0,1.1368683772161603e-13,8.881784197001252e-13,60241.087100044286,60241.08710004421
2025-12-26,7.570221549624279e-11,0.0,0.0,0.0,9.876544027065393e-13,0.0,2.842170943040401e-14,8.881784197001252e-13,25245.325122485374,25245.325122485297
2025-12-27,4.57439410794791e-11,0.0,0.0,0.0,9.467981954003335e-13,0.0,1.1368683772161603e-13,9.094947017729282e-13,25241.89646547337,25241.896465473324
2025-12-28,78.16599373960267,78.16599373953461,13.381151029622288,13.381151029621606,9.841016890277388e-13,0.0,1.1368683772161603e-13,8.846257060213247e-13,61107.99713482471,61107.99713482465
2025-12-29,6.095879084844213e-11,0.0,0.0,0.0,9.947598300641403e-13,0.0,1.1368683772161603e-13,9.094947017729282e-13,59935.2322735945,59935.23227359444
2025-12-30,5.722009488451363e-11,0.0,0.0,0.0,9.841016890277388e-13,0.0,1.4210854715202004e-14,9.094947017729282e-13,59825.642679365665,59825.64267936561
2025-12-31,2357.3717018051407,3343.657458656893,508.44711825561274,499.6553596689792,9.983125437429408e-13,0.0,1.1368683772161603e-13,9.094947017729282e-13,62174.47108712384,63160.7568439756
