date,issue_hour,kind,initial_soc_kwh,objective_value,scenario_count,status,solve_seconds,tiebreak_used,binary_fallback_used,max_balance_residual_kwh,max_soc_residual_kwh,max_delta_product_kwh2,max_simultaneous_product_kwh2,highs_max_primal_infeasibility,simplex_iterations,ipm_iterations,mip_gap
2025-02-01,0,original,6000.0,19734.533310183277,29,Optimal,0.4182820999994874,False,False,1.1368683772161603e-13,9.094947017729282e-13,0.0,0.0,0.0,11112,0,
2025-02-02,0,original,10103.41568361399,52439.09210038394,30,Optimal,0.777758599986555,False,False,2.2737367544323206e-11,2.546585164964199e-11,0.0,0.0,3.772981926886132e-12,13499,0,
2025-02-03,0,original,10481.0924575591,49778.063224431775,30,Optimal,0.7310375999950338,False,False,3.774403012357652e-11,3.456079866737127e-11,0.0,0.0,1.6456835894018695e-11,13158,0,
2025-02-04,0,original,9832.058610379794,50221.26007423992,30,Optimal,0.9218994999973802,False,False,1.1368683772161603e-13,9.663381206337363e-13,0.0,0.0,0.0,14473,0,
2025-02-05,0,original,9596.59315452742,49800.45568517396,30,Optimal,0.7406021000060719,False,False,1.1368683772161603e-13,1.0231815394945443e-12,0.0,0.0,0.0,13630,0,
2025-02-06,0,original,9843.976555345505,50590.66230674946,30,Optimal,0.9259058000025107,False,False,1.1368683772161603e-13,2.9061197892588098e-12,0.0,0.0,0.0,14886,0,
2025-02-07,0,original,9972.413436358522,16989.48626360541,30,Optimal,0.46395510000002105,False,False,2.2737367544323206e-13,2.6432189770275727e-12,0.0,0.0,0.0,11376,0,
2025-02-08,0,original,10215.237425444117,14785.947019805122,30,Optimal,0.311848999990616,False,False,3.126388037344441e-11,1.7415402453480056e-11,0.0,0.0,0.0,10888,0,
2025-02-09,0,original,9634.230007374495,48378.16437984953,30,Optimal,0.9131974999909289,False,False,1.1368683772161603e-13,2.0463630789890885e-12,0.0,0.0,0.0,13382,0,
2025-02-10,0,original,9563.330583565803,48175.72888774165,30,Optimal,0.8383461999910651,False,False,1.1368683772161603e-13,1.0231815394945443e-12,0.0,0.0,0.0,13263,0,
2025-02-11,0,original,9729.658497050246,46707.41812708109,30,Optimal,0.7928625000058673,False,False,1.1368683772161603e-13,4.922728891187944e-12,0.0,0.0,0.0,12982,0,
2025-02-12,0,original,9872.899694525859,46277.53751529363,30,Optimal,0.7823055000044405,False,False,1.1368683772161603e-13,2.6147972675971687e-12,0.0,0.0,0.0,13338,0,
2025-02-13,0,original,9720.5212870558,45384.79024773636,30,Optimal,0.7793539999984205,False,False,1.1368683772161603e-13,1.0231815394945443e-12,0.0,0.0,0.0,13302,0,
2025-02-14,0,original,10046.441022751465,13732.521151043524,30,Optimal,0.28111479998915456,False,False,1.1368683772161603e-13,9.663381206337363e-13,0.0,0.0,0.0,10183,0,
2025-02-15,0,original,9624.211144429237,14020.871585472209,30,Optimal,0.304529500004719,False,False,1.1368683772161603e-13,1.0231815394945443e-12,0.0,0.0,0.0,10332,0,
2025-02-16,0,original,9354.334930171919,45610.908985087306,30,Optimal,0.745918000000529,False,False,1.1368683772161603e-13,2.3732127374387346e-12,0.0,0.0,0.0,13609,0,
2025-02-17,0,original,9699.335599218644,45973.58528281562,30,Optimal,0.7284652000089409,False,False,1.1368683772161603e-13,1.0231815394945443e-12,0.0,0.0,0.0,13173,0,
2025-02-18,0,original,9727.56929852083,43477.00731713462,30,Optimal,0.8121337000047788,False,False,1.1368683772161603e-13,1.0231815394945443e-12,0.0,0.0,0.0,13056,0,
2025-02-19,0,original,9983.50331142735,43122.49541838653,30,Optimal,0.682248700002674,False,False,1.1368683772161603e-13,1.0231815394945443e-12,0.0,0.0,0.0,12802,0,
2025-02-20,0,original,9384.943867749156,43919.032790293844,30,Optimal,0.790652499999851,False,False,1.1368683772161603e-13,1.0231815394945443e-12,0.0,0.0,0.0,13179,0,
2025-02-21,0,original,10106.064912943863,13188.133111207666,30,Optimal,0.26296340000408236,False,False,9.549694368615746e-12,7.275957614183426e-12,0.0,0.0,8.846257060213247e-13,10172,0,
2025-02-22,0,original,9880.129258341869,13138.236033424568,30,Optimal,0.2617833999975119,False,False,1.1368683772161603e-13,3.375077994860476e-12,0.0,0.0,0.0,10211,0,
2025-02-23,0,original,9495.194721681319,43641.24302282065,30,Optimal,0.7292809999926249,False,False,1.1368683772161603e-13,2.7391422463551862e-12,0.0,0.0,0.0,13013,0,
2025-02-24,0,original,9825.062765282371,42853.44507926675,30,Optimal,0.705779199997778,False,False,1.1368683772161603e-13,9.663381206337363e-13,0.0,0.0,0.0,12987,0,
2025-02-25,0,original,9746.990153570096,41935.40518644266,30,Optimal,0.6945814000064274,False,False,1.1368683772161603e-13,1.6484591469634324e-12,0.0,0.0,0.0,13041,0,
2025-02-26,0,original,9832.581685470655,39584.07022484731,30,Optimal,0.6957928000047104,False,False,1.1368683772161603e-13,9.094947017729282e-13,0.0,0.0,0.0,12582,0,
2025-02-27,0,original,9646.190380328617,40212.25144680727,30,Optimal,0.7332729000045219,False,False,9.094947017729282e-13,2.4442670110147446e-12,0.0,0.0,0.0,12626,0,
2025-02-28,0,original,10005.872829697546,12801.873642378738,30,Optimal,0.2916033000074094,False,False,1.1368683772161603e-13,1.0231815394945443e-12,0.0,0.0,0.0,10118,0,
2025-03-01,0,original,10051.319831631223,12748.452895676253,30,Optimal,0.295373600005405,False,False,5.53086465515662e-11,3.431210870985524e-11,0.0,0.0,3.290068237744645e-11,10192,0,
2025-03-02,0,original,9597.635180404452,43043.79202373956,30,Optimal,0.7355873000051361,False,False,1.1368683772161603e-13,1.0231815394945443e-12,0.0,0.0,0.0,14033,0,
2025-03-03,0,original,9533.23327972607,43687.025675031626,30,Optimal,0.8439708999940194,False,False,1.1368683772161603e-13,2.4442670110147446e-12,0.0,0.0,0.0,13198,0,
2025-03-04,0,original,9512.067519841114,43154.539696931795,30,Optimal,0.7863394000014523,False,False,1.1368683772161603e-13,1.7053025658242404e-12,0.0,0.0,0.0,13279,0,
2025-03-05,0,original,9916.474362412644,42399.12151195719,30,Optimal,0.6859449000039604,False,False,1.1368683772161603e-13,2.1600499167107046e-12,0.0,0.0,0.0,12775,0,
2025-03-06,0,original,9921.814436698145,40332.22675511712,30,Optimal,0.7318932999914978,False,False,1.1368683772161603e-13,1.0231815394945443e-12,0.0,0.0,0.0,12815,0,
2025-03-07,0,original,9921.861307287822,12376.48724050713,30,Optimal,0.27397080000082497,False,False,1.1368683772161603e-13,1.6342482922482304e-12,0.0,0.0,0.0,10134,0,
2025-03-08,0,original,10254.995851624357,11450.624125782115,30,Optimal,0.27410300000337884,False,False,1.1368683772161603e-13,3.446132268436486e-12,0.0,0.0,0.0,10133,0,
2025-03-09,0,original,9847.694530095177,39201.489943536595,30,Optimal,0.601989799994044,False,False,1.1368683772161603e-13,9.094947017729282e-13,0.0,0.0,0.0,12588,0,
2025-03-10,0,original,9831.3673752264,38275.02453524774,30,Optimal,0.7190822000120534,False,False,1.1368683772161603e-13,1.0231815394945443e-12,0.0,0.0,0.0,12568,0,
2025-03-11,0,original,9496.512951434157,38514.56346897812,30,Optimal,0.6506958000099985,False,False,1.1368683772161603e-13,1.0231815394945443e-12,0.0,0.0,0.0,12788,0,
2025-03-12,0,original,9983.404701689047,38672.824337290884,30,Optimal,0.6022133999940706,False,False,1.1368683772161603e-13,1.0231815394945443e-12,0.0,0.0,0.0,12534,0,
2025-03-13,0,original,9576.798772782198,38279.334032384664,30,Optimal,0.6349420999904396,False,False,1.1368683772161603e-13,9.094947017729282e-13,0.0,0.0,0.0,12462,0,
2025-03-14,0,original,9807.554757050388,11347.594956367631,30,Optimal,0.244921700010309,False,False,1.1368683772161603e-13,1.7266188478970435e-12,0.0,0.0,0.0,10128,0,
2025-03-15,0,original,10111.92206010967,11018.012989481742,30,Optimal,0.24688370000512805,False,False,1.1368683772161603e-13,9.094947017729282e-13,0.0,0.0,0.0,9961,0,
2025-03-16,0,original,9340.927538731903,39315.06141398857,30,Optimal,0.6195351000060327,False,False,1.1368683772161603e-13,1.0231815394945443e-12,0.0,0.0,0.0,13787,0,
2025-03-17,0,original,10194.513290456573,37467.3151196645,30,Optimal,0.659202800001367,False,False,7.16227077646181e-12,1.1578293879210833e-11,0.0,0.0,0.0,12633,0,
2025-03-18,0,original,10120.412890178257,36725.61473796061,30,Optimal,0.5689284999971278,False,False,1.1264100763241913e-11,7.073452934491797e-12,0.0,0.0,1.8189894035458565e-12,12247,0,
2025-03-19,0,original,10129.4745147546,35123.10855251554,30,Optimal,0.5976610999932745,False,False,1.8189894035458565e-11,2.8194335754960775e-11,0.0,0.0,0.0,12482,0,
2025-03-20,0,original,10118.033391027937,35590.25423694983,30,Optimal,0.6053397000068799,False,False,2.432898327242583e-11,2.3646862246096134e-11,0.0,0.0,7.275957614183426e-12,12343,0,
2025-03-21,0,original,9836.44345824004,11106.23089479678,30,Optimal,0.2723192999983439,False,False,1.1368683772161603e-13,9.094947017729282e-13,0.0,0.0,0.0,9872,0,
2025-03-22,0,original,10119.25890073597,10808.5002781291,30,Optimal,0.2665340999956243,False,False,2.2737367544323206e-13,1.7923440509548527e-12,0.0,0.0,0.0,9990,0,
2025-03-23,0,original,9944.748612603542,36266.80620384625,30,Optimal,0.6457785999955377,False,False,1.1368683772161603e-13,9.094947017729282e-13,0.0,0.0,0.0,12223,0,
2025-03-24,0,original,9808.364661210524,35186.366390198076,30,Optimal,0.74066359999415,False,False,1.1368683772161603e-13,2.071232074740692e-12,0.0,0.0,0.0,13223,0,
2025-03-25,0,original,9939.174423098199,35633.15988395229,30,Optimal,0.7217104000010295,False,False,1.1368683772161603e-13,1.6626700016786344e-12,0.0,0.0,0.0,12313,0,
2025-03-26,0,original,9828.259578846442,35132.25001620487,30,Optimal,0.6090977999992901,False,False,1.1368683772161603e-13,1.0231815394945443e-12,0.0,0.0,0.0,12347,0,
2025-03-27,0,original,10127.835543967414,34218.98911842373,30,Optimal,0.6107459000049857,False,False,1.1823431123048067e-11,1.34718902700115e-11,0.0,0.0,0.0,12429,0,
2025-03-28,0,original,9935.883541885883,10463.577255739016,30,Optimal,0.26383520000672434,False,False,1.1368683772161603e-13,3.630873379734112e-12,0.0,0.0,0.0,9920,0,
2025-03-29,0,original,10275.11779581051,9920.492736697212,30,Optimal,0.26186759999836795,False,False,1.1368683772161603e-13,1.1368683772161603e-12,0.0,0.0,0.0,9910,0,
2025-03-30,0,original,9525.951697397093,33210.71227124032,30,Optimal,0.6046512000029907,False,False,1.1368683772161603e-13,1.3655743202889425e-12,0.0,0.0,0.0,12332,0,
2025-03-31,0,original,10154.013487682307,31727.321791372764,30,Optimal,0.48318250000011176,False,False,4.843059286940843e-11,5.468603347935641e-11,0.0,0.0,2.1826984664130578e-12,11943,0,
2025-04-01,0,original,9838.521164408096,33331.70578818287,30,Optimal; tiebreak=Optimal,1.9423883999988902,True,False,2.1600499167107046e-12,2.7178259642823832e-12,0.0,0.0,0.0,12735,0,
2025-04-02,0,original,9739.586707203927,34328.49593731327,30,Optimal,0.6062643000041135,False,False,1.1368683772161603e-13,9.094947017729282e-13,0.0,0.0,0.0,12089,0,
2025-04-03,0,original,9930.012609418003,35416.0612223412,30,Optimal,0.679852999994182,False,False,1.1368683772161603e-13,1.0231815394945443e-12,0.0,0.0,0.0,12773,0,
2025-04-04,0,original,10104.346171151275,9792.188124731592,30,Optimal,0.2688515999907395,False,False,1.1368683772161603e-13,9.947598300641403e-13,0.0,0.0,0.0,9974,0,
2025-04-05,0,original,10276.38937655717,9395.757591287667,30,Optimal,0.2506059000006644,False,False,1.1368683772161603e-13,1.0231815394945443e-12,0.0,0.0,0.0,9843,0,
2025-04-06,0,original,9441.391744041235,33536.640756118744,30,Optimal,0.6015285000030417,False,False,1.1368683772161603e-13,3.5580427493187017e-12,0.0,0.0,0.0,12821,0,
2025-04-07,0,original,10174.908983353547,31780.94960445887,30,Optimal,0.5308769000112079,False,False,1.8758328224066645e-11,2.091837814077735e-11,0.0,0.0,7.235693525823688e-12,12210,0,
2025-04-08,0,original,10145.624228386767,32268.828541671264,30,Optimal,0.5422102000011364,False,False,3.069544618483633e-12,6.366462912410498e-12,0.0,0.0,0.0,12345,0,
2025-04-09,0,original,9639.28369516658,32624.70452365799,30,Optimal,0.5863865999999689,False,False,1.1368683772161603e-13,2.9203306439740118e-12,0.0,0.0,0.0,12400,0,
2025-04-10,0,original,9720.96205173674,33723.993234287984,30,Optimal,0.6403528999944683,False,False,1.1368683772161603e-13,1.0231815394945443e-12,0.0,0.0,0.0,12681,0,
2025-04-11,0,original,10443.427814259156,9400.122774732108,30,Optimal,0.25538820000656415,False,False,1.1368683772161603e-13,1.0231815394945443e-12,0.0,0.0,0.0,9862,0,
2025-04-12,0,original,10132.178355233851,9508.097183900409,30,Optimal,0.2568675000075018,False,False,1.1368683772161603e-13,9.663381206337363e-13,0.0,0.0,0.0,9724,0,
2025-04-13,0,original,9941.48314734454,31385.341302807326,30,Optimal,0.5678681999997934,False,False,1.1368683772161603e-13,9.094947017729282e-13,0.0,0.0,0.0,12165,0,
2025-04-14,0,original,10097.158476804296,31830.475850385406,30,Optimal,0.4883568000077503,False,False,2.9309887850104133e-12,1.6484591469634324e-12,0.0,0.0,0.0,12147,0,
2025-04-15,0,original,9998.603320920884,30329.80705272374,30,Optimal,0.4520232999930158,False,False,1.1368683772161603e-13,2.6147972675971687e-12,0.0,0.0,0.0,11563,0,
2025-04-16,0,original,9642.186508641438,30391.693399040545,30,Optimal,0.6278310000052443,False,False,1.1368683772161603e-13,9.094947017729282e-13,0.0,0.0,0.0,12699,0,
2025-04-17,0,original,9414.262853021264,31184.777233040648,30,Optimal,0.5843134000024293,False,False,1.1368683772161603e-13,1.0231815394945443e-12,0.0,0.0,0.0,12445,0,
2025-04-18,0,original,10225.780214913742,8935.620577071417,30,Optimal,0.26681709999684244,False,False,1.1368683772161603e-13,2.5011104298755527e-12,0.0,0.0,0.0,9763,0,
2025-04-19,0,original,10586.17702826121,8290.09042964294,30,Optimal,0.23233850000542589,False,False,1.1368683772161603e-13,9.094947017729282e-13,0.0,0.0,0.0,9701,0,
2025-04-20,0,original,9644.811245243023,30572.577369219794,30,Optimal,0.48807449999731034,False,False,1.1368683772161603e-13,5.343281372915953e-12,0.0,0.0,0.0,12053,0,
2025-04-21,0,original,10139.80902741336,30382.404497855445,30,Optimal,0.46625839998887386,False,False,5.1727511163335294e-11,3.0945468409981913e-11,0.0,0.0,0.0,11729,0,
2025-04-22,0,original,9678.402472735414,28957.930582945162,30,Optimal,0.4375459000002593,False,False,1.1368683772161603e-13,2.1032064978498966e-12,0.0,0.0,0.0,11862,0,
2025-04-23,0,original,9527.326773500108,29203.369007182846,30,Optimal,0.44589230000565294,False,False,1.1368683772161603e-13,1.0231815394945443e-12,0.0,0.0,0.0,11958,0,
2025-04-24,0,original,10167.024220562764,29009.97497911852,30,Optimal,0.5001890999992611,False,False,9.094947017729282e-12,8.78941364135244e-12,0.0,0.0,6.821210263296962e-13,11865,0,
2025-04-25,0,original,10185.02573465158,8039.345262098399,30,Optimal,0.2228398000006564,False,False,1.1368683772161603e-13,1.5347723092418164e-12,0.0,0.0,0.0,9556,0,
2025-04-26,0,original,9913.158614181266,8128.0777008749965,30,Optimal,0.2616952000098536,False,False,1.1368683772161603e-13,9.663381206337363e-13,0.0,0.0,0.0,9458,0,
2025-04-27,0,original,9328.660292985336,27773.618811148335,30,Optimal,0.43382190000556875,False,False,1.1368683772161603e-13,1.0231815394945443e-12,0.0,0.0,0.0,11696,0,
2025-04-28,0,original,9626.992869521431,29052.511528066534,30,Optimal,0.45006450000801124,False,False,1.1368683772161603e-13,1.0231815394945443e-12,0.0,0.0,0.0,11831,0,
2025-04-29,0,original,9586.10792281664,30703.710301415595,30,Optimal,0.5518900000024587,False,False,1.1368683772161603e-13,1.0231815394945443e-12,0.0,0.0,0.0,12084,0,
2025-04-30,0,original,10016.979732197722,29221.77019290831,30,Optimal,0.49613649999082554,False,False,1.1368683772161603e-13,1.0231815394945443e-12,0.0,0.0,0.0,11863,0,
2025-05-01,0,original,9972.113949692488,28890.172579368493,30,Optimal,0.471791400006623,False,False,1.1368683772161603e-13,1.0231815394945443e-12,0.0,0.0,0.0,11626,0,
2025-05-02,0,original,9070.671170047626,9257.129282446267,30,Optimal,0.23570570000447333,False,False,1.1368683772161603e-13,9.094947017729282e-13,0.0,0.0,0.0,9560,0,
2025-05-03,0,original,9223.597234407383,11707.881313707898,30,Optimal,0.23775000000023283,False,False,1.1368683772161603e-13,1.0231815394945443e-12,0.0,0.0,0.0,9793,0,
2025-05-04,0,original,9528.856506674063,33523.718104819316,30,Optimal,0.4796470000001136,False,False,1.1368683772161603e-13,1.0231815394945443e-12,0.0,0.0,0.0,11751,0,
2025-05-05,0,original,9288.339074196398,34372.35748545636,30,Optimal,0.5429394000093453,False,False,2.2737367544323206e-13,1.8189894035458565e-12,0.0,0.0,0.0,12139,0,
2025-05-06,0,original,10446.67680178259,33117.97586906762,30,Optimal,0.47726679999323096,False,False,1.481526012980794e-11,3.012701199622825e-11,0.0,0.0,1.1368683772161603e-12,12975,0,
2025-05-07,0,original,10346.196552607582,33249.12296698526,30,Optimal,0.4425314999971306,False,False,4.845901457883883e-12,7.368328169832239e-12,0.0,0.0,5.002109837448643e-13,13040,0,
2025-05-08,0,original,9442.894183377442,35014.43958781224,30,Optimal,0.6534681000048295,False,False,1.1368683772161603e-13,1.0231815394945443e-12,0.0,0.0,0.0,12884,0,
2025-05-09,0,original,10569.096273560357,10797.9570218097,30,Optimal,0.2355048000026727,False,False,1.1368683772161603e-13,9.663381206337363e-13,0.0,0.0,0.0,9937,0,
2025-05-10,0,original,10069.929847424675,11349.795379990177,30,Optimal,0.2519440000032773,False,False,1.1368683772161603e-13,9.663381206337363e-13,0.0,0.0,0.0,9884,0,
2025-05-11,0,original,9607.982126938054,35627.93671119712,30,Optimal,0.6400987000088207,False,False,1.1368683772161603e-13,1.0231815394945443e-12,0.0,0.0,0.0,12548,0,
2025-05-12,0,original,10406.993997889558,34109.257522537264,30,Optimal,0.5224625999981072,False,False,1.5417422893904131e-10,1.7145318498279494e-10,0.0,0.0,0.0,12044,0,
2025-05-13,0,original,10800.0,33511.164518723075,30,Optimal,0.534832200006349,False,False,8.86757334228605e-12,1.0913936421275139e-11,0.0,0.0,1.8189894035458565e-12,12941,0,
2025-05-14,0,original,10543.117848189795,33110.79734179649,30,Optimal,0.47185719999833964,False,False,4.575895218295045e-12,1.2789769243681803e-12,0.0,0.0,0.0,11644,0,
2025-05-15,0,original,10316.128474556772,32935.61224728188,30,Optimal,0.6401986999990186,False,False,1.8184209693572484e-10,1.809006278108427e-10,0.0,0.0,6.838263288955204e-11,11906,0,
2025-05-16,0,original,10764.853270483663,10941.906062432425,30,Optimal,0.22281600000860635,False,False,1.1368683772161603e-13,9.663381206337363e-13,0.0,0.0,0.0,9713,0,
2025-05-17,0,original,10376.154947613251,10745.057015276276,30,Optimal,0.27423690000432543,False,False,1.1368683772161603e-13,9.379164112033322e-13,0.0,0.0,0.0,9742,0,
2025-05-18,0,original,9594.15702706592,33617.96084659548,30,Optimal,0.6266384999908041,False,False,1.1368683772161603e-13,1.0231815394945443e-12,0.0,0.0,0.0,11884,0,
2025-05-19,0,original,10417.740445001984,32395.76798206754,30,Optimal,0.5565135999931954,False,False,2.955857780762017e-11,2.7284841053187847e-11,0.0,0.0,0.0,11706,0,
2025-05-20,0,original,10425.202287252649,31261.419247445683,30,Optimal,0.42457640000793617,False,False,2.5693225325085223e-11,2.9103830456733704e-11,0.0,0.0,1.8189894035458565e-12,11378,0,
2025-05-21,0,original,9512.034514138308,32441.50178403105,30,Optimal,0.5243670000054408,False,False,1.1368683772161603e-13,2.3874235921539366e-12,0.0,0.0,0.0,12139,0,
2025-05-22,0,original,9508.971488240575,32620.409498687077,30,Optimal,0.5415483999968274,False,False,1.1368683772161603e-13,2.9913849175500218e-12,0.0,0.0,0.0,12117,0,
2025-05-23,0,original,10800.0,10663.711303302318,30,Optimal,0.24837210000259802,False,False,1.1368683772161603e-13,1.0231815394945443e-12,0.0,0.0,0.0,9774,0,
2025-05-24,0,original,10702.826737012056,10535.728880334662,30,Optimal,0.23891139999614097,False,False,1.1368683772161603e-13,9.663381206337363e-13,0.0,0.0,0.0,9838,0,
2025-05-25,0,original,10050.537547423563,31592.056473674405,30,Optimal,0.44192060000204947,False,False,1.4551915228366852e-11,1.8189894035458565e-11,0.0,0.0,0.0,11486,0,
2025-05-26,0,original,9950.51698956221,31163.611514603355,30,Optimal,0.5029265999910422,False,False,1.1368683772161603e-13,1.0231815394945443e-12,0.0,0.0,0.0,11509,0,
2025-05-27,0,original,9261.990016083088,32378.6119547389,30,Optimal,0.5145860000047833,False,False,1.1368683772161603e-13,1.0231815394945443e-12,0.0,0.0,0.0,11904,0,
2025-05-28,0,original,9896.939373283063,32144.06121669196,30,Optimal,0.46744480000052135,False,False,1.1368683772161603e-13,1.0231815394945443e-12,0.0,0.0,0.0,11537,0,
2025-05-29,0,original,9968.977928046364,31953.676374418512,30,Optimal,0.5681412999983877,False,False,1.1368683772161603e-13,1.0231815394945443e-12,0.0,0.0,0.0,11950,0,
2025-05-30,0,original,9499.903706230005,11050.885835261157,30,Optimal,0.2717153999983566,False,False,1.1368683772161603e-13,9.094947017729282e-13,0.0,0.0,0.0,9764,0,
2025-05-31,0,original,10083.163989604682,10891.655262320994,30,Optimal,0.24718629999551922,False,False,1.1368683772161603e-13,9.663381206337363e-13,0.0,0.0,0.0,9675,0,
2025-06-01,0,original,9878.308208772345,34458.7392151793,30,Optimal,0.5400792000000365,False,False,1.1368683772161603e-13,1.0231815394945443e-12,0.0,0.0,0.0,12409,0,
2025-06-02,0,original,7927.948643270393,43138.828191849665,30,Optimal,0.8822136999951908,False,False,2.2737367544323206e-13,1.0231815394945443e-12,0.0,0.0,0.0,13473,0,
2025-06-03,0,original,8734.70327637166,44443.716250888574,30,Optimal,0.7089038999984041,False,False,2.2737367544323206e-13,3.61666252501891e-12,0.0,0.0,0.0,13772,0,
2025-06-04,0,original,9567.19648854476,46535.063044059025,30,Optimal,0.7729623000050196,False,False,1.1368683772161603e-13,2.7853275241795927e-12,0.0,0.0,0.0,13652,0,
2025-06-05,0,original,10212.819098918499,44631.56618242499,30,Optimal,0.7785606999968877,False,False,5.343281372915953e-12,5.9543481256696396e-12,0.0,0.0,0.0,13331,0,
2025-06-06,0,original,9987.494726881552,11660.21148014247,30,Optimal,0.28015019999293145,False,False,1.1368683772161603e-13,1.0800249583553523e-12,0.0,0.0,0.0,10038,0,
2025-06-07,0,original,8441.525388953323,18735.06643231193,30,Optimal,0.2955616999970516,False,False,1.1368683772161603e-13,9.094947017729282e-13,0.0,0.0,0.0,10480,0,
2025-06-08,0,original,9154.325017421505,50314.56126391832,30,Optimal,0.7288603000051808,False,False,2.2737367544323206e-13,2.2737367544323206e-12,0.0,0.0,0.0,13709,0,
2025-06-09,0,original,10129.094362318583,47745.909896378034,30,Optimal,0.7185334000096191,False,False,4.005151765795745e-11,1.0913936421275139e-11,0.0,0.0,0.0,13188,0,
2025-06-10,0,original,10098.87588451475,47042.74735301337,30,Optimal,0.7353313000057824,False,False,6.959908205317333e-10,5.173461659069289e-10,0.0,0.0,3.183231456205249e-12,14402,0,
2025-06-11,0,original,10263.57190036905,47601.35252611419,30,Optimal,0.7197796999971615,False,False,6.465938895416912e-12,5.4569682106375694e-12,0.0,0.0,0.0,13037,0,
2025-06-12,0,original,8667.641201527149,51004.82690917609,30,Optimal,0.8367097999871476,False,False,2.2737367544323206e-13,1.0231815394945443e-12,0.0,0.0,0.0,14610,0,
2025-06-13,0,original,10608.40177551118,17854.125297849234,30,Optimal,0.2906950000033248,False,False,1.1368683772161603e-13,3.524291969370097e-12,0.0,0.0,0.0,10375,0,
2025-06-14,0,original,9775.667839967518,19145.45192321033,30,Optimal,0.341970699999365,False,False,1.1368683772161603e-13,1.0231815394945443e-12,0.0,0.0,0.0,10582,0,
2025-06-15,0,original,9973.16559149881,48499.56483035635,30,Optimal,0.7830628999945475,False,False,2.2737367544323206e-13,2.5011104298755527e-12,0.0,0.0,0.0,13252,0,
2025-06-16,0,original,10404.607719142938,48192.415317103056,30,Optimal,0.5669006000098307,False,False,2.9076296925723e-11,2.5497826072751195e-11,0.0,0.0,1.092104184863274e-11,12495,0,
2025-06-17,0,original,10400.990001609714,48425.985951173214,30,Optimal,0.7536325000110082,False,False,2.7341684472048655e-11,2.5693225325085223e-11,0.0,0.0,6.821210263296962e-13,13437,0,
2025-06-18,0,original,9454.41253364316,49873.90695931762,30,Optimal,0.8363465000002179,False,False,1.1368683772161603e-13,4.433786671143025e-12,0.0,0.0,0.0,13879,0,
2025-06-19,0,original,10524.964082324721,48052.01634867651,30,Optimal,0.7465056999935769,False,False,2.3646862246096134e-11,6.730260793119669e-11,0.0,0.0,6.139089236967266e-12,13437,0,
2025-06-20,0,original,10450.191582316143,17995.975629562232,30,Optimal,0.2890640999976313,False,False,2.2737367544323206e-13,1.3145040611561853e-12,0.0,0.0,0.0,10402,0,
2025-06-21,0,original,10800.0,16618.626255882606,30,Optimal,0.26604249999218155,False,False,1.1368683772161603e-13,3.254285729781259e-12,0.0,0.0,0.0,10345,0,
2025-06-22,0,original,10572.143487879222,44132.1554494084,30,Optimal,0.6984405999974115,False,False,1.405169314239174e-10,1.2610490429665333e-10,0.0,0.0,3.637978807091713e-12,12744,0,
2025-06-23,0,original,10189.198437400035,44462.138093063644,30,Optimal,0.6290931999974418,False,False,6.672218333392266e-11,5.675250547287902e-11,0.0,0.0,4.092726157978177e-12,12712,0,
2025-06-24,0,original,9988.343184338391,46217.28145447867,30,Optimal,0.7943755000014789,False,False,1.1368683772161603e-13,9.883649454422994e-12,0.0,0.0,0.0,14544,0,
2025-06-25,0,original,9129.205692839632,49122.61065769744,30,Optimal,0.7403936000046087,False,False,2.2737367544323206e-13,2.0250467969162855e-12,0.0,0.0,0.0,13765,0,
2025-06-26,0,original,10388.455521753574,47240.08976658241,30,Optimal,0.7786466000106884,False,False,8.526512829121202e-12,1.0913936421275139e-11,0.0,0.0,0.0,13599,0,
2025-06-27,0,original,10414.289407655864,16739.487033667774,30,Optimal,0.2705180999910226,False,False,1.1368683772161603e-13,1.8189894035458565e-12,0.0,0.0,0.0,10256,0,
2025-06-28,0,original,10609.76124007228,15789.118679734387,30,Optimal,0.2558928999933414,False,False,1.1368683772161603e-13,1.0231815394945443e-12,0.0,0.0,0.0,10205,0,
2025-06-29,0,original,9932.274648009454,44950.17028959245,30,Optimal,0.7733027000067523,False,False,1.1368683772161603e-13,1.0231815394945443e-12,0.0,0.0,0.0,14376,0,
2025-06-30,0,original,9540.87528805702,46025.84007558259,30,Optimal,0.6779084000008879,False,False,1.1368683772161603e-13,4.433786671143025e-12,0.0,0.0,0.0,13045,0,
2025-07-01,0,original,10126.517942410803,44990.50023905965,30,Optimal,0.6932770000130404,False,False,1.0913936421275139e-11,1.0902612146423962e-11,0.0,0.0,1.1111112030448567e-12,12820,0,
2025-07-02,0,original,7998.825626567924,48954.65639919166,30,Optimal,0.7186854000028688,False,False,4.547473508864641e-13,1.0231815394945443e-12,0.0,0.0,0.0,13313,0,
2025-07-03,0,original,8572.47592067272,49628.3112359737,30,Optimal,0.6984538000106113,False,False,2.2737367544323206e-13,1.0231815394945443e-12,0.0,0.0,0.0,13395,0,
2025-07-04,0,original,9023.089924410486,15662.105023948461,30,Optimal,0.266131199998199,False,False,1.1368683772161603e-13,1.7479351299698465e-12,0.0,0.0,0.0,9970,0,
2025-07-05,0,original,7989.344056914327,23303.889071011767,30,Optimal,0.2983003999979701,False,False,1.1368683772161603e-13,9.094947017729282e-13,0.0,0.0,0.0,10630,0,
2025-07-06,0,original,8775.562832770993,52369.551692078785,30,Optimal,0.8138202000118326,False,False,2.2737367544323206e-13,9.094947017729282e-13,0.0,0.0,0.0,13875,0,
2025-07-07,0,original,8524.767034190656,52594.279407531496,30,Optimal,0.7632720999972662,False,False,2.2737367544323206e-13,1.0231815394945443e-12,0.0,0.0,0.0,14007,0,
2025-07-08,0,original,10496.000803553015,50406.37061774426,30,Optimal,0.7018558999989182,False,False,1.2079226507921703e-13,2.1600499167107046e-12,0.0,0.0,0.0,13343,0,
2025-07-09,0,original,9808.465485569628,51473.78213625673,30,Optimal,0.6529624999966472,False,False,1.1368683772161603e-13,1.0231815394945443e-12,0.0,0.0,0.0,13285,0,
2025-07-10,0,original,10506.123260287899,49266.58540438249,30,Optimal,0.6462868000089657,False,False,2.2737367544323206e-13,1.8189894035458565e-12,0.0,0.0,0.0,13464,0,
2025-07-11,0,original,10460.468305628603,21950.69982499431,30,Optimal,0.2908943999937037,False,False,1.1368683772161603e-13,1.0231815394945443e-12,0.0,0.0,0.0,10580,0,
2025-07-12,0,original,9674.006974456493,23165.806655072458,30,Optimal,0.2866272000101162,False,False,1.1368683772161603e-13,9.094947017729282e-13,0.0,0.0,0.0,10418,0,
2025-07-13,0,original,9614.076617478628,51688.444366870215,30,Optimal,0.7480046999990009,False,False,1.1368683772161603e-13,2.545519350860559e-12,0.0,0.0,0.0,13455,0,
2025-07-14,0,original,10379.144965867681,48445.723275627766,30,Optimal,0.5755005000100937,False,False,1.2960299500264227e-11,2.546585164964199e-11,0.0,0.0,0.0,12725,0,
2025-07-15,0,original,10060.64189316017,48612.95368835901,30,Optimal,0.7078813999978593,False,False,1.5276668818842154e-13,1.9753088054130785e-12,0.0,0.0,0.0,13785,0,
2025-07-16,0,original,10800.0,47798.34036540329,30,Optimal,0.6409115999995265,False,False,1.2187584275125118e-10,1.2806022908762316e-10,0.0,0.0,4.850786439192234e-12,13062,0,
2025-07-17,0,original,10262.13443431472,47796.29809057993,30,Optimal,0.6000339000020176,False,False,4.126832209294662e-11,4.36384262059164e-11,0.0,0.0,1.6067147612375268e-13,12853,0,
2025-07-18,0,original,9862.817395463948,23575.619812931953,30,Optimal,0.31198529999528546,False,False,1.1368683772161603e-13,1.0231815394945443e-12,0.0,0.0,0.0,10605,0,
2025-07-19,0,original,10765.186381469935,22569.65312942322,30,Optimal,0.29260129999602214,False,False,2.2737367544323206e-13,1.0231815394945443e-12,0.0,0.0,0.0,10507,0,
2025-07-20,0,original,9899.67629002444,49803.61903748862,30,Optimal,0.67464270000346,False,False,1.1368683772161603e-13,1.0231815394945443e-12,0.0,0.0,0.0,13319,0,
2025-07-21,0,original,10493.490441087968,48959.392871158365,30,Optimal,0.7681005000049481,False,False,2.0463630789890885e-12,2.3732127374387346e-12,0.0,0.0,0.0,14217,0,
2025-07-22,0,original,10243.456355597604,48665.339631134775,30,Optimal,0.6501577000017278,False,False,3.9404035589996056e-11,1.1368683772161603e-11,0.0,0.0,1.8189894035458565e-12,13220,0,
2025-07-23,0,original,10167.174091408593,50278.10847427285,30,Optimal,0.685444800008554,False,False,1.2611280908458866e-09,1.401076588081196e-09,0.0,0.0,1.4375759841792992e-09,13097,0,
2025-07-24,0,original,10234.830611049294,50612.572496542496,30,Optimal,0.626769599999534,False,False,7.389644451905042e-12,6.139089236967266e-12,0.0,0.0,0.0,12790,0,
2025-07-25,0,original,10800.0,22939.419331782465,30,Optimal,0.28506509998987895,False,False,1.1368683772161603e-13,1.0231815394945443e-12,0.0,0.0,0.0,10531,0,
2025-07-26,0,original,10798.387631197256,22027.581846634355,30,Optimal,0.29360129999986384,False,False,1.1368683772161603e-13,2.3501200985265314e-12,0.0,0.0,0.0,10470,0,
2025-07-27,0,original,10207.250213604178,48821.24811984869,30,Optimal,0.643250099994475,False,False,1.1368683772161603e-13,2.1378454562182014e-12,0.0,0.0,0.0,12645,0,
2025-07-28,0,original,10365.238271187107,49008.699894100464,30,Optimal,0.6288733999972465,False,False,2.546585164964199e-11,1.8189894035458565e-11,0.0,0.0,0.0,12860,0,
2025-07-29,0,original,8729.723542840029,50827.053235688996,30,Optimal,0.7123859999992419,False,False,2.2737367544323206e-13,1.0231815394945443e-12,0.0,0.0,0.0,13322,0,
2025-07-30,0,original,10135.411804591393,49355.00163339975,30,Optimal,0.6450255999952788,False,False,1.6995527207797068e-10,1.8917489796876907e-10,0.0,0.0,0.0,13700,0,
2025-07-31,0,original,10087.430700478522,49430.96141202329,30,Optimal,0.6607045999990078,False,False,1.7223555914824829e-10,1.546140993013978e-10,0.0,0.0,0.0,13368,0,
2025-08-01,0,original,10141.757652921327,21835.858255608626,30,Optimal,0.29998919999343343,False,False,1.1368683772161603e-13,4.092726157978177e-12,0.0,0.0,0.0,10411,0,
2025-08-02,0,original,10777.230344862344,20624.920712584677,30,Optimal,0.28798059999826364,False,False,1.1368683772161603e-13,1.0231815394945443e-12,0.0,0.0,0.0,10224,0,
2025-08-03,0,original,9883.021353557124,43090.43379777327,30,Optimal,0.5377710000029765,False,False,1.1368683772161603e-13,1.0231815394945443e-12,0.0,0.0,0.0,11986,0,
2025-08-04,0,original,9133.568161148887,40737.88102568517,30,Optimal,0.592391400001361,False,False,1.1368683772161603e-13,4.291678123991005e-12,0.0,0.0,0.0,13243,0,
2025-08-05,0,original,9175.140988127638,40390.82805890319,30,Optimal,0.6131334999954561,False,False,1.1368683772161603e-13,3.524291969370097e-12,0.0,0.0,0.0,13450,0,
2025-08-06,0,original,9220.215137836196,40571.21110030291,30,Optimal,0.625731199994334,False,False,1.1368683772161603e-13,2.1600499167107046e-12,0.0,0.0,0.0,13239,0,
2025-08-07,0,original,9334.902436004573,41788.00927060801,30,Optimal,0.5789467000140576,False,False,1.1368683772161603e-13,1.7053025658242404e-12,0.0,0.0,0.0,13410,0,
2025-08-08,0,original,9591.4085019743,18989.308496502163,30,Optimal,0.27164799999445677,False,False,1.1368683772161603e-13,2.0961010704922955e-12,0.0,0.0,0.0,9919,0,
2025-08-09,0,original,9833.464565536913,18242.447000041368,30,Optimal,0.25608210000791587,False,False,1.1368683772161603e-13,1.5241141682054149e-12,0.0,0.0,0.0,9724,0,
2025-08-10,0,original,9027.055530335332,39951.16706381675,30,Optimal,0.6781734999967739,False,False,1.1368683772161603e-13,9.094947017729282e-13,0.0,0.0,0.0,13423,0,
2025-08-11,0,original,9265.85198835579,39557.19227729544,30,Optimal,0.6371800000051735,False,False,1.1368683772161603e-13,1.0231815394945443e-12,0.0,0.0,0.0,13095,0,
2025-08-12,0,original,9117.357181305166,40368.2109745611,30,Optimal,0.6584189999994123,False,False,1.1368683772161603e-13,3.694822225952521e-12,0.0,0.0,0.0,13228,0,
2025-08-13,0,original,9395.834189101355,40707.33803665269,30,Optimal,0.6555302000051597,False,False,1.1368683772161603e-13,1.7195134205394424e-12,0.0,0.0,0.0,13196,0,
2025-08-14,0,original,9515.531714283741,40728.66322715076,30,Optimal,0.710479999994277,False,False,1.1368683772161603e-13,1.0231815394945443e-12,0.0,0.0,0.0,13307,0,
2025-08-15,0,original,9408.49717711105,19045.87500715834,30,Optimal,0.28704369999468327,False,False,1.1368683772161603e-13,1.0231815394945443e-12,0.0,0.0,0.0,10217,0,
2025-08-16,0,original,9827.728280042462,18832.700402325398,30,Optimal,0.26559930000803433,False,False,1.1368683772161603e-13,1.0231815394945443e-12,0.0,0.0,0.0,9895,0,
2025-08-17,0,original,9296.332767468251,40157.46876716788,30,Optimal,0.6554958000051556,False,False,1.1368683772161603e-13,2.7284841053187847e-12,0.0,0.0,0.0,13219,0,
2025-08-18,0,original,9393.231376257421,39574.37810840807,30,Optimal,0.5768255000002682,False,False,1.1368683772161603e-13,1.0231815394945443e-12,0.0,0.0,0.0,13043,0,
2025-08-19,0,original,9292.927752965774,39866.578139621,30,Optimal,0.6256451999943238,False,False,1.1368683772161603e-13,1.0231815394945443e-12,0.0,0.0,0.0,13055,0,
2025-08-20,0,original,9301.154387895318,40713.56735632601,30,Optimal,0.7428805999952601,False,False,1.1368683772161603e-13,2.0232704400768853e-12,0.0,0.0,0.0,13843,0,
2025-08-21,0,original,9336.39065592503,42580.240473368794,30,Optimal,0.6786237000051187,False,False,1.1368683772161603e-13,1.2292389328649733e-12,0.0,0.0,0.0,13304,0,
2025-08-22,0,original,9656.354383077987,18971.652887693563,30,Optimal,0.27453629999945406,False,False,1.1368683772161603e-13,9.094947017729282e-13,0.0,0.0,0.0,10035,0,
2025-08-23,0,original,9388.74042715371,19455.34585828574,30,Optimal,0.2728054000035627,False,False,1.1368683772161603e-13,9.663381206337363e-13,0.0,0.0,0.0,10019,0,
2025-08-24,0,original,9454.554524487017,41798.50298707314,30,Optimal,0.6286849000025541,False,False,1.1368683772161603e-13,1.0231815394945443e-12,0.0,0.0,0.0,13383,0,
2025-08-25,0,original,9493.789661617388,43423.077389926206,30,Optimal,0.7384405000047991,False,False,1.1368683772161603e-13,1.0231815394945443e-12,0.0,0.0,0.0,13728,0,
2025-08-26,0,original,9408.652053932332,42963.71704749976,30,Optimal,0.6152153000002727,False,False,1.1368683772161603e-13,1.0231815394945443e-12,0.0,0.0,0.0,13010,0,
2025-08-27,0,original,10035.559500226005,41976.298837031536,30,Optimal,0.6365204000030644,False,False,1.1368683772161603e-13,1.0231815394945443e-12,0.0,0.0,0.0,13115,0,
2025-08-28,0,original,9338.777122772213,42452.701735548166,30,Optimal,0.7119759999914095,False,False,1.1368683772161603e-13,1.4566126083082054e-12,0.0,0.0,0.0,13112,0,
2025-08-29,0,original,9483.65538667967,20399.446522013088,30,Optimal,0.27494730000034906,False,False,1.1368683772161603e-13,4.543920795185841e-12,0.0,0.0,0.0,10090,0,
2025-08-30,0,original,10091.156010093127,19493.21992869127,30,Optimal,0.2630591000051936,False,False,1.1368683772161603e-13,3.296918293926865e-12,0.0,0.0,0.0,9870,0,
2025-08-31,0,original,9290.04568167849,42019.83014999136,30,Optimal; tiebreak=Optimal,1.8661023999884492,True,False,1.2505552149377763e-12,3.666400516522117e-12,0.0,0.0,0.0,13129,0,
2025-09-01,0,original,9691.183851406582,42755.72804900096,30,Optimal,0.7653953999979421,False,False,1.1368683772161603e-13,1.0231815394945443e-12,0.0,0.0,0.0,13593,0,
2025-09-02,0,original,10800.0,35414.492150195336,30,Optimal,0.5833564999920782,False,False,4.729372449219227e-11,5.275069270282984e-11,0.0,0.0,3.637978807091713e-12,12241,0,
2025-09-03,0,original,8481.778245296291,35186.6728766939,30,Optimal,0.6391454999975394,False,False,2.2737367544323206e-13,1.0231815394945443e-12,0.0,0.0,0.0,13214,0,
2025-09-04,0,original,6737.28777041184,34827.14856289023,30,Optimal,0.5491223999997601,False,False,1.7053025658242404e-12,2.0463630789890885e-12,0.0,0.0,0.0,12512,0,
2025-09-05,0,original,6804.627825612542,21247.97077636533,30,Optimal,0.2897695999999996,False,False,1.3500311979441904e-13,9.094947017729282e-13,0.0,0.0,0.0,10249,0,
2025-09-06,0,original,10572.721571492555,13365.58719215118,30,Optimal,0.2702133999991929,False,False,2.2737367544323206e-13,1.6928680679484387e-12,0.0,0.0,0.0,9620,0,
2025-09-07,0,original,6845.878833778598,33671.19127343146,30,Optimal,0.44855920001282357,False,False,2.2737367544323206e-13,2.5011104298755527e-12,0.0,0.0,0.0,12220,0,
2025-09-08,0,original,6658.018525351527,34611.24511724642,30,Optimal,0.6155643000092823,False,False,2.2737367544323206e-13,3.595346242946107e-12,0.0,0.0,0.0,12836,0,
2025-09-09,0,original,6289.273783231191,35653.331997926085,30,Optimal,0.45645840000361204,False,False,1.1368683772161603e-13,1.0231815394945443e-12,0.0,0.0,0.0,12574,0,
2025-09-10,0,original,6485.31041846364,36033.73646860245,30,Optimal,0.5501839000062319,False,False,2.2737367544323206e-13,1.0231815394945443e-12,0.0,0.0,0.0,13169,0,
2025-09-11,0,original,6320.84085064694,38300.63079937571,30,Optimal,0.6904924999980722,False,False,2.2737367544323206e-13,2.5863755581667647e-12,0.0,0.0,0.0,13318,0,
2025-09-12,0,original,6636.706133136278,15577.160767920612,30,Optimal,0.2581149000034202,False,False,2.2737367544323206e-13,1.0231815394945443e-12,0.0,0.0,0.0,9955,0,
2025-09-13,0,original,6902.764474246871,13905.376562977164,30,Optimal,0.2494382000004407,False,False,1.1368683772161603e-13,9.094947017729282e-13,0.0,0.0,0.0,9832,0,
2025-09-14,0,original,5569.69682126299,37327.35606873708,30,Optimal,0.6015443999931449,False,False,1.1368683772161603e-13,1.0231815394945443e-12,0.0,0.0,0.0,12550,0,
2025-09-15,0,original,5980.704867238679,37192.856545803115,30,Optimal,0.6045523000066169,False,False,2.2737367544323206e-13,2.808420163091796e-12,0.0,0.0,0.0,12955,0,
2025-09-16,0,original,6552.670576544279,37690.57310612456,30,Optimal,0.5686898999992991,False,False,2.2737367544323206e-13,1.2398970739013748e-12,0.0,0.0,0.0,12287,0,
2025-09-17,0,original,6062.304015686959,38638.69487953011,30,Optimal,0.6684699000034016,False,False,2.2737367544323206e-13,1.0231815394945443e-12,0.0,0.0,0.0,13356,0,
2025-09-18,0,original,6595.797513204362,37776.017249552475,30,Optimal,0.6233014000026742,False,False,2.2737367544323206e-13,1.0231815394945443e-12,0.0,0.0,0.0,13091,0,
2025-09-19,0,original,6498.24209950629,14492.027522307002,30,Optimal,0.2989787999977125,False,False,1.1368683772161603e-13,1.0231815394945443e-12,0.0,0.0,0.0,9965,0,
2025-09-20,0,original,5695.391365438584,14923.781895373622,30,Optimal,0.3184229000034975,False,False,2.2737367544323206e-13,1.8189894035458565e-12,0.0,0.0,0.0,10284,0,
2025-09-21,0,original,5554.392450972409,40275.64950703083,30,Optimal,0.6436469999898691,False,False,2.2737367544323206e-13,3.938183112950355e-12,0.0,0.0,0.0,13761,0,
2025-09-22,0,original,6530.806715507344,39238.90756286764,30,Optimal,0.6606670000037411,False,False,2.2737367544323206e-13,3.82982534574694e-12,0.0,0.0,0.0,12752,0,
2025-09-23,0,original,6364.192897018781,39389.82088530741,30,Optimal,0.6447263999871211,False,False,2.2737367544323206e-13,2.682298827494378e-12,0.0,0.0,0.0,13422,0,
2025-09-24,0,original,6208.3961278949255,39170.21675591444,30,Optimal,0.5944861000025412,False,False,1.0800249583553523e-12,5.6559201766503975e-12,0.0,0.0,0.0,12764,0,
2025-09-25,0,original,6693.948247024805,39573.58237828686,30,Optimal,0.721369599996251,False,False,2.0961010704922955e-12,4.155245592052381e-12,0.0,0.0,0.0,13716,0,
2025-09-26,0,original,6362.47566655416,15354.646396429507,30,Optimal,0.3252281999884872,False,False,2.2737367544323206e-13,9.663381206337363e-13,0.0,0.0,0.0,10808,0,
2025-09-27,0,original,5942.328333181559,14748.093717130034,30,Optimal,0.27791530000104103,False,False,1.1368683772161603e-13,1.907807245515869e-12,0.0,0.0,0.0,10207,0,
2025-09-28,0,original,5194.378951650388,41185.945817463486,30,Optimal,0.6698635000066133,False,False,2.2737367544323206e-13,3.4567904094728874e-12,0.0,0.0,0.0,13224,0,
2025-09-29,0,original,6604.935251639011,41157.37104390788,30,Optimal,0.715087600008701,False,False,2.2737367544323206e-13,1.0800249583553523e-12,0.0,0.0,0.0,13130,0,
2025-09-30,0,original,6219.6891639944,41278.2320895647,30,Optimal,0.6571755000040866,False,False,4.547473508864641e-13,3.055333763768431e-12,0.0,0.0,0.0,14539,0,
2025-10-01,0,original,6264.2510318284585,41784.35206132561,30,Optimal,0.6479876000084914,False,False,2.2737367544323206e-13,2.6147972675971687e-12,0.0,0.0,0.0,12902,0,
2025-10-02,0,original,8747.206444471378,36536.55407789527,30,Optimal,0.6577453000063542,False,False,2.2737367544323206e-13,1.0231815394945443e-12,0.0,0.0,0.0,12800,0,
2025-10-03,0,original,8102.660299717514,14596.541727318172,30,Optimal,0.2506491999956779,False,False,2.2737367544323206e-13,1.0231815394945443e-12,0.0,0.0,0.0,9895,0,
2025-10-04,0,original,8656.580179406332,11891.837337336472,30,Optimal,0.25961239999742247,False,False,2.2737367544323206e-13,1.5347723092418164e-12,0.0,0.0,0.0,10035,0,
2025-10-05,0,original,5953.999301004239,37476.46574685329,30,Optimal,0.5808346999983769,False,False,1.1368683772161603e-12,5.924150059399835e-12,0.0,0.0,0.0,12578,0,
2025-10-06,0,original,7233.947632314228,35172.345011950165,30,Optimal,0.5431409000011627,False,False,1.0231815394945443e-12,2.3518964553659316e-12,0.0,0.0,0.0,12704,0,
2025-10-07,0,original,7946.490353672934,36207.390744393495,30,Optimal,0.5865061999938916,False,False,1.1368683772161603e-13,1.262989712813578e-12,0.0,0.0,0.0,12623,0,
2025-10-08,0,original,8832.432002429261,35706.79582873132,30,Optimal,0.6575995000021067,False,False,2.2737367544323206e-13,1.616928813064078e-12,0.0,0.0,0.0,12482,0,
2025-10-09,0,original,8612.73473733491,36452.763529480726,30,Optimal,0.6862066000030609,False,False,2.2737367544323206e-13,2.035260848742837e-12,0.0,0.0,0.0,12889,0,
2025-10-10,0,original,8600.623425447968,12997.269475996483,30,Optimal,0.2591634999989765,False,False,1.1368683772161603e-13,1.0231815394945443e-12,0.0,0.0,0.0,9919,0,
2025-10-11,0,original,8606.17760517202,12522.50887419851,30,Optimal,0.2686851000034949,False,False,1.1368683772161603e-13,9.663381206337363e-13,0.0,0.0,0.0,9934,0,
2025-10-12,0,original,8036.604486475731,36341.958000465405,30,Optimal,0.5648658999998588,False,False,1.666222715357435e-12,3.1947777756613505e-12,0.0,0.0,0.0,12584,0,
2025-10-13,0,original,8187.378421699869,36798.59184793371,30,Optimal,0.6071147000038764,False,False,2.2737367544323206e-13,2.5925928071046656e-12,0.0,0.0,0.0,12454,0,
2025-10-14,0,original,8759.943718446204,36908.34969284756,30,Optimal,0.6390088000043761,False,False,2.2737367544323206e-13,4.433786671143025e-12,0.0,0.0,0.0,12476,0,
2025-10-15,0,original,8637.15132407682,37893.02799860176,30,Optimal,0.7120318999950541,False,False,2.2737367544323206e-13,1.3642420526593924e-12,0.0,0.0,0.0,13351,0,
2025-10-16,0,original,8960.617152299576,37995.23275808009,30,Optimal,0.7599233000073582,False,False,2.2737367544323206e-13,4.718003765447065e-12,0.0,0.0,0.0,13192,0,
2025-10-17,0,original,8458.371230124323,13102.087444767136,30,Optimal,0.3154826999962097,False,False,1.1368683772161603e-13,1.0231815394945443e-12,0.0,0.0,0.0,10218,0,
2025-10-18,0,original,8378.779724622118,13238.753260236494,30,Optimal,0.31145480000122916,False,False,1.1368683772161603e-13,1.0231815394945443e-12,0.0,0.0,0.0,10164,0,
2025-10-19,0,original,8417.035483556194,39241.179962896895,30,Optimal,0.7018422999972245,False,False,2.2737367544323206e-13,2.3732127374387346e-12,0.0,0.0,0.0,12860,0,
2025-10-20,0,original,8338.428452621734,40348.24555499657,30,Optimal,0.7868662999972003,False,False,2.2737367544323206e-13,2.4087398742267396e-12,0.0,0.0,0.0,13495,0,
2025-10-21,0,original,8529.126293379446,40548.345082991036,30,Optimal,0.7941036999982316,False,False,2.2737367544323206e-13,1.0231815394945443e-12,0.0,0.0,0.0,12992,0,
2025-10-22,0,original,8607.181660053584,41044.835396346476,30,Optimal,0.7825583999947412,False,False,2.2737367544323206e-13,1.0231815394945443e-12,0.0,0.0,0.0,13245,0,
2025-10-23,0,original,8591.978863352824,42343.75008653764,30,Optimal,0.743974299999536,False,False,2.2737367544323206e-13,1.0231815394945443e-12,0.0,0.0,0.0,13111,0,
2025-10-24,0,original,8986.984692369933,13027.307088790192,30,Optimal,0.2885154999967199,False,False,1.1368683772161603e-13,2.639666263348772e-12,0.0,0.0,0.0,10175,0,
2025-10-25,0,original,7945.359897581867,13931.199942194762,30,Optimal,0.3266946999938227,False,False,1.1368683772161603e-13,2.3874235921539366e-12,0.0,0.0,0.0,10268,0,
2025-10-26,0,original,8155.922360941592,41166.08457337509,30,Optimal,0.7140150000050198,False,False,2.2737367544323206e-13,3.467448550509289e-12,0.0,0.0,0.0,13050,0,
2025-10-27,0,original,8674.286428294525,40084.13858175865,30,Optimal,0.7128685000061523,False,False,4.547473508864641e-13,1.9326762412674725e-12,0.0,0.0,0.0,12970,0,
2025-10-28,0,original,8263.39174605056,40027.24851866324,30,Optimal,0.6683883999940008,False,False,1.1368683772161603e-13,1.0231815394945443e-12,0.0,0.0,0.0,12925,0,
2025-10-29,0,original,8274.930180316338,41428.505162774105,30,Optimal; tiebreak=Optimal,2.051563000000897,True,False,1.1368683772161603e-12,6.366462912410498e-12,0.0,0.0,0.0,13283,0,
2025-10-30,0,original,8214.098722038,41996.81114516423,30,Optimal,0.8044411000009859,False,False,2.2737367544323206e-13,2.1600499167107046e-12,0.0,0.0,0.0,13997,0,
2025-10-31,0,original,8905.205389547276,13895.297977143953,30,Optimal,0.2869920999946771,False,False,1.1368683772161603e-13,9.663381206337363e-13,0.0,0.0,0.0,10491,0,
2025-11-01,0,original,8527.523798565227,14130.059867183176,30,Optimal,0.28285229999164585,False,False,1.1368683772161603e-13,1.0231815394945443e-12,0.0,0.0,0.0,10372,0,
2025-11-02,0,original,8563.642970857192,43028.226700417,30,Optimal,0.782716799993068,False,False,1.1368683772161603e-13,1.0231815394945443e-12,0.0,0.0,0.0,13481,0,
2025-11-03,0,original,8671.525567663251,44238.43874380019,30,Optimal,0.8473436999920523,False,False,2.2737367544323206e-13,1.2043699371133698e-12,0.0,0.0,0.0,13570,0,
2025-11-04,0,original,10343.907493113653,42532.52575664733,30,Optimal,0.7002428999985568,False,False,1.3983481039758772e-11,1.7557511000632076e-11,0.0,0.0,0.0,12601,0,
2025-11-05,0,original,9981.566202682236,43441.740905861945,30,Optimal,0.7141669999982696,False,False,1.1368683772161603e-13,9.094947017729282e-13,0.0,0.0,0.0,12640,0,
2025-11-06,0,original,10455.036460137722,42882.05739549922,30,Optimal,0.8233760999864899,False,False,3.888089850079268e-11,2.9103830456733704e-11,0.0,0.0,2.9103830456733704e-11,13295,0,
2025-11-07,0,original,10001.454630730608,13714.026308151615,30,Optimal,0.2387282999989111,False,False,2.2737367544323206e-13,2.1884716261411086e-12,0.0,0.0,0.0,10174,0,
2025-11-08,0,original,10128.132332663858,13975.908843278905,30,Optimal,0.2831231000018306,False,False,1.1368683772161603e-13,1.0231815394945443e-12,0.0,0.0,0.0,10443,0,
2025-11-09,0,original,10181.909723148856,43710.28458781796,30,Optimal,0.7248632999981055,False,False,7.73070496506989e-12,8.753886504564434e-12,0.0,0.0,0.0,12659,0,
2025-11-10,0,original,9760.938549608523,44618.079229326315,30,Optimal,0.7747327999968547,False,False,1.1368683772161603e-13,1.0231815394945443e-12,0.0,0.0,0.0,13212,0,
2025-11-11,0,original,9667.357326557933,46076.54114261327,30,Optimal,0.7642876000027172,False,False,1.1368683772161603e-13,1.0231815394945443e-12,0.0,0.0,0.0,13370,0,
2025-11-12,0,original,10146.023484051171,45239.15180672945,30,Optimal,0.7289768999908119,False,False,2.9558577807620168e-12,5.091038701721118e-12,0.0,0.0,0.0,12850,0,
2025-11-13,0,original,10370.60437263369,44709.153496398896,30,Optimal,0.6872154000011506,False,False,4.3428372009657323e-11,3.83124643121846e-11,0.0,0.0,1.8189894035458565e-12,12704,0,
2025-11-14,0,original,9915.4643166528,14211.571851290704,30,Optimal,0.29654689999006223,False,False,2.2737367544323206e-13,9.663381206337363e-13,0.0,0.0,0.0,10523,0,
2025-11-15,0,original,10165.430536649967,14354.649903324884,30,Optimal,0.3009211000025971,False,False,4.320099833421409e-12,5.229594535194337e-12,0.0,0.0,0.0,10545,0,
2025-11-16,0,original,9926.612289629526,45813.94208312714,30,Optimal,0.7465372000006028,False,False,1.1368683772161603e-13,9.663381206337363e-13,0.0,0.0,0.0,13274,0,
2025-11-17,0,original,9778.07356367262,46189.78427910424,30,Optimal,0.7982094000035431,False,False,1.1368683772161603e-13,1.0658141036401503e-12,0.0,0.0,0.0,14400,0,
2025-11-18,0,original,10332.440316899441,45851.12814776961,30,Optimal,0.6669263999938266,False,False,8.29913915367797e-12,9.919176591210999e-12,0.0,0.0,1.8189894035458565e-12,12927,0,
2025-11-19,0,original,10060.13651158294,46216.74975008975,30,Optimal,0.9365595000126632,False,False,1.318767317570746e-11,1.0749179324420766e-11,0.0,0.0,3.637978807091713e-12,14510,0,
2025-11-20,0,original,9620.044024554134,46729.10217892218,30,Optimal,0.801867799993488,False,False,1.1368683772161603e-13,1.0231815394945443e-12,0.0,0.0,0.0,13466,0,
2025-11-21,0,original,10033.565579432036,14498.89515877459,30,Optimal,0.29301459999987856,False,False,1.1368683772161603e-13,1.0231815394945443e-12,0.0,0.0,0.0,10685,0,
2025-11-22,0,original,10187.339757738135,14609.212693271977,30,Optimal,0.3114235999964876,False,False,2.9558577807620168e-12,2.0605739337042905e-12,0.0,0.0,0.0,10631,0,
2025-11-23,0,original,9571.56886488308,47115.53476040536,30,Optimal,0.8654900999972597,False,False,2.2737367544323206e-13,2.0463630789890885e-12,0.0,0.0,0.0,13399,0,
2025-11-24,0,original,10046.593368020498,46849.32007215268,30,Optimal,0.7173731999937445,False,False,2.2737367544323206e-13,3.410605131648481e-12,0.0,0.0,0.0,13126,0,
2025-11-25,0,original,9778.161019119025,47953.579651294785,30,Optimal,0.7932335999939824,False,False,1.1368683772161603e-13,6.229683435776678e-12,0.0,0.0,0.0,13174,0,
2025-11-26,0,original,10120.060097913667,47504.53162007306,30,Optimal,0.6551990000007208,False,False,4.3420100848123866e-11,3.134204007437802e-11,0.0,0.0,1.5183987400746474e-14,12690,0,
2025-11-27,0,original,9858.581171975335,47751.49088403212,30,Optimal,0.7913453999935882,False,False,1.1368683772161603e-13,1.0231815394945443e-12,0.0,0.0,0.0,13259,0,
2025-11-28,0,original,9986.867224727921,15084.950724765698,30,Optimal,0.33599569999205414,False,False,1.1368683772161603e-13,2.106759211528697e-12,0.0,0.0,0.0,10917,0,
2025-11-29,0,original,10156.450449968268,15434.355200989094,30,Optimal,0.39446090000274125,False,False,7.937983603767407e-11,8.807421458811859e-11,0.0,0.0,3.6077807408219087e-12,10949,0,
2025-11-30,0,original,9156.471760224837,49391.836640934634,30,Optimal,0.7689275000011548,False,False,2.2737367544323206e-13,2.6476598691260733e-12,0.0,0.0,0.0,13437,0,
2025-12-01,0,original,9396.833298975815,50520.86011016598,30,Optimal,0.9650156999996398,False,False,1.1368683772161603e-13,1.0231815394945443e-12,0.0,0.0,0.0,15369,0,
2025-12-02,0,original,9389.523276385913,54683.19655772824,30,Optimal,0.8366604000038933,False,False,1.1368683772161603e-13,3.432809592140984e-12,0.0,0.0,0.0,14297,0,
2025-12-03,0,original,9540.285160542075,55563.77137916388,30,Optimal,1.0094172999961302,False,False,1.1368683772161603e-13,2.0250467969162855e-12,0.0,0.0,0.0,15183,0,
2025-12-04,0,original,9904.105325778144,56849.7846351129,30,Optimal,0.6884169999975711,False,False,1.1368683772161603e-13,1.887379141862766e-12,0.0,0.0,0.0,13936,0,
2025-12-05,0,original,9891.08563384751,17142.656515517672,30,Optimal,0.4101656999991974,False,False,2.2737367544323206e-13,1.0231815394945443e-12,0.0,0.0,0.0,11217,0,
2025-12-06,0,original,9469.426648921724,21000.511747650977,30,Optimal,0.3804883999982849,False,False,2.2737367544323206e-13,4.0820680169417756e-12,0.0,0.0,0.0,11460,0,
2025-12-07,0,original,9410.74383948797,58761.62507949516,30,Optimal,0.9138621000020066,False,False,2.2737367544323206e-13,1.3642420526593924e-12,0.0,0.0,0.0,15284,0,
2025-12-08,0,original,9662.740887687974,58397.02278869108,30,Optimal,0.8816824999958044,False,False,1.1368683772161603e-13,2.8421709430404007e-12,0.0,0.0,0.0,14531,0,
2025-12-09,0,original,10298.935802739295,57881.87940619567,30,Optimal,0.9228257999930065,False,False,3.410605131648481e-13,1.8189894035458565e-12,0.0,0.0,0.0,15467,0,
2025-12-10,0,original,9744.98407421648,57494.278536867365,30,Optimal,0.7042089000024134,False,False,1.1368683772161603e-13,1.0231815394945443e-12,0.0,0.0,0.0,14482,0,
2025-12-11,0,original,10152.995073420663,57566.33099221347,30,Optimal,0.8774280000070576,False,False,4.774847184307873e-11,2.97859514830634e-11,0.0,0.0,3.637978807091713e-12,14549,0,
2025-12-12,0,original,10107.640062618357,20706.892342826603,30,Optimal,0.4286315000063041,False,False,1.2107648217352107e-11,7.256417688950023e-12,0.0,0.0,0.0,11384,0,
2025-12-13,0,original,9798.572528504777,22268.32992016039,30,Optimal; tiebreak=Optimal,1.7230782999977237,True,False,1.1368683772161603e-13,1.3926637620897964e-12,0.0,0.0,0.0,12620,0,
2025-12-14,0,original,9830.878984292776,57804.27247731871,30,Optimal,0.6725183000089601,False,False,1.1368683772161603e-13,2.0463630789890885e-12,0.0,0.0,0.0,14174,0,
2025-12-15,0,original,9756.272808708738,57991.78068201615,30,Optimal,0.9048086999973748,False,False,1.1368683772161603e-13,1.0231815394945443e-12,0.0,0.0,0.0,15193,0,
2025-12-16,0,original,10071.262018504664,58555.287857943506,30,Optimal,0.8268612999963807,False,False,9.949872037395835e-10,1.1055039106366849e-09,0.0,0.0,2.690138920952245e-11,14917,0,
2025-12-17,0,original,9713.810094728018,58810.62606896883,30,Optimal,0.792831800004933,False,False,1.1368683772161603e-13,9.094947017729282e-13,0.0,0.0,0.0,15004,0,
2025-12-18,0,original,10100.850146113466,57679.40621713743,30,Optimal,0.8083182999980636,False,False,1.3642420526593924e-12,2.4229507289419416e-12,0.0,0.0,0.0,15102,0,
2025-12-19,0,original,10150.702407092014,21697.256537879664,30,Optimal,0.39852450000762474,False,False,1.4551915228366852e-11,8.551381824872806e-12,0.0,0.0,1.8189894035458565e-12,11635,0,
2025-12-20,0,original,9822.350012355913,22136.1153438389,30,Optimal,0.37722670000221115,False,False,1.1368683772161603e-13,2.8990143619012088e-12,0.0,0.0,0.0,11961,0,
2025-12-21,0,original,9857.085295022038,58055.748251905134,30,Optimal,0.7274163999973098,False,False,1.1368683772161603e-13,9.663381206337363e-13,0.0,0.0,0.0,14177,0,
2025-12-22,0,original,9817.25565685029,58051.50618350479,30,Optimal,0.6422613000031561,False,False,1.1368683772161603e-13,1.0231815394945443e-12,0.0,0.0,0.0,14306,0,
2025-12-23,0,original,9748.403445000846,58379.30602303828,30,Optimal,0.6724651999975322,False,False,1.1368683772161603e-13,1.0231815394945443e-12,0.0,0.0,0.0,14269,0,
2025-12-24,0,original,9956.607189625267,57529.18764742972,30,Optimal,0.6975059999967925,False,False,1.1368683772161603e-13,1.0231815394945443e-12,0.0,0.0,0.0,14464,0,
2025-12-25,0,original,10015.18441168507,57029.673811886845,30,Optimal,0.8619419000024209,False,False,1.1368683772161603e-13,1.3073986337985843e-12,0.0,0.0,0.0,14624,0,
2025-12-26,0,original,10109.084057068721,21583.469144379556,30,Optimal,0.3563216000038665,False,False,4.651568019653496e-11,2.3646862246096134e-11,0.0,0.0,1.5575096767861396e-11,11180,0,
2025-12-27,0,original,10400.22090970587,21618.159684152568,30,Optimal,0.40760819999559317,False,False,4.376943252282217e-12,5.5706550483591855e-12,0.0,0.0,0.0,11461,0,
2025-12-28,0,original,9799.870139884182,57875.78613943034,30,Optimal,0.869026300002588,False,False,1.1368683772161603e-13,1.0231815394945443e-12,0.0,0.0,0.0,14668,0,
2025-12-29,0,original,10030.486161438337,56806.02478614356,30,Optimal,0.6736841000092681,False,False,1.1368683772161603e-13,9.663381206337363e-13,0.0,0.0,0.0,13237,0,
2025-12-30,0,original,9662.768091966554,56775.507901711404,30,Optimal,0.8672609999921406,False,False,1.1368683772161603e-13,1.9326762412674725e-12,0.0,0.0,0.0,15370,0,
2025-12-31,0,original,9915.6450143985,56284.04606666093,30,Optimal,0.7990818999969633,False,False,1.1368683772161603e-13,1.0231815394945443e-12,0.0,0.0,0.0,14669,0,
