date,issue_hour,event_index,scenario_count,pool_min_date,pool_max_date
2025-02-01,0,0,29,2025-01-02,2025-01-31
2025-02-01,6,1,28,2025-01-04,2025-01-31
2025-02-01,12,2,28,2025-01-04,2025-01-31
2025-02-01,18,3,28,2025-01-04,2025-01-31
2025-02-02,0,4,30,2025-01-02,2025-02-01
2025-02-02,6,5,29,2025-01-04,2025-02-01
2025-02-02,12,6,29,2025-01-04,2025-02-01
2025-02-02,18,7,29,2025-01-04,2025-02-01
2025-02-03,0,8,30,2025-01-04,2025-02-02
2025-02-03,6,9,30,2025-01-04,2025-02-02
2025-02-03,12,10,30,2025-01-04,2025-02-02
2025-02-03,18,11,30,2025-01-04,2025-02-02
2025-02-04,0,12,30,2025-01-05,2025-02-03
2025-02-04,6,13,30,2025-01-05,2025-02-03
2025-02-04,12,14,30,2025-01-05,2025-02-03
2025-02-04,18,15,30,2025-01-05,2025-02-03
2025-02-05,0,16,30,2025-01-06,2025-02-04
2025-02-05,6,17,30,2025-01-06,2025-02-04
2025-02-05,12,18,30,2025-01-06,2025-02-04
2025-02-05,18,19,30,2025-01-06,2025-02-04
2025-02-06,0,20,30,2025-01-07,2025-02-05
2025-02-06,6,21,30,2025-01-07,2025-02-05
2025-02-06,12,22,30,2025-01-07,2025-02-05
2025-02-06,18,23,30,2025-01-07,2025-02-05
2025-02-07,0,24,30,2025-01-08,2025-02-06
2025-02-07,6,25,30,2025-01-08,2025-02-06
2025-02-07,12,26,30,2025-01-08,2025-02-06
2025-02-07,18,27,30,2025-01-08,2025-02-06
2025-02-08,0,28,30,2025-01-09,2025-02-07
2025-02-08,6,29,30,2025-01-09,2025-02-07
2025-02-08,12,30,30,2025-01-09,2025-02-07
2025-02-08,18,31,30,2025-01-09,2025-02-07
2025-02-09,0,32,30,2025-01-10,2025-02-08
2025-02-09,6,33,30,2025-01-10,2025-02-08
2025-02-09,12,34,30,2025-01-10,2025-02-08
2025-02-09,18,35,30,2025-01-10,2025-02-08
2025-02-10,0,36,30,2025-01-11,2025-02-09
2025-02-10,6,37,30,2025-01-11,2025-02-09
2025-02-10,12,38,30,2025-01-11,2025-02-09
2025-02-10,18,39,30,2025-01-11,2025-02-09
2025-02-11,0,40,30,2025-01-12,2025-02-10
2025-02-11,6,41,30,2025-01-12,2025-02-10
2025-02-11,12,42,30,2025-01-12,2025-02-10
2025-02-11,18,43,30,2025-01-12,2025-02-10
2025-02-12,0,44,30,2025-01-13,2025-02-11
2025-02-12,6,45,30,2025-01-13,2025-02-11
2025-02-12,12,46,30,2025-01-13,2025-02-11
2025-02-12,18,47,30,2025-01-13,2025-02-11
2025-02-13,0,48,30,2025-01-14,2025-02-12
2025-02-13,6,49,30,2025-01-14,2025-02-12
2025-02-13,12,50,30,2025-01-14,2025-02-12
2025-02-13,18,51,30,2025-01-14,2025-02-12
2025-02-14,0,52,30,2025-01-15,2025-02-13
2025-02-14,6,53,30,2025-01-15,2025-02-13
2025-02-14,12,54,30,2025-01-15,2025-02-13
2025-02-14,18,55,30,2025-01-15,2025-02-13
2025-02-15,0,56,30,2025-01-16,2025-02-14
2025-02-15,6,57,30,2025-01-16,2025-02-14
2025-02-15,12,58,30,2025-01-16,2025-02-14
2025-02-15,18,59,30,2025-01-16,2025-02-14
2025-02-16,0,60,30,2025-01-17,2025-02-15
2025-02-16,6,61,30,2025-01-17,2025-02-15
2025-02-16,12,62,30,2025-01-17,2025-02-15
2025-02-16,18,63,30,2025-01-17,2025-02-15
2025-02-17,0,64,30,2025-01-18,2025-02-16
2025-02-17,6,65,30,2025-01-18,2025-02-16
2025-02-17,12,66,30,2025-01-18,2025-02-16
2025-02-17,18,67,30,2025-01-18,2025-02-16
2025-02-18,0,68,30,2025-01-19,2025-02-17
2025-02-18,6,69,30,2025-01-19,2025-02-17
2025-02-18,12,70,30,2025-01-19,2025-02-17
2025-02-18,18,71,30,2025-01-19,2025-02-17
2025-02-19,0,72,30,2025-01-20,2025-02-18
2025-02-19,6,73,30,2025-01-20,2025-02-18
2025-02-19,12,74,30,2025-01-20,2025-02-18
2025-02-19,18,75,30,2025-01-20,2025-02-18
2025-02-20,0,76,30,2025-01-21,2025-02-19
2025-02-20,6,77,30,2025-01-21,2025-02-19
2025-02-20,12,78,30,2025-01-21,2025-02-19
2025-02-20,18,79,30,2025-01-21,2025-02-19
2025-02-21,0,80,30,2025-01-22,2025-02-20
2025-02-21,6,81,30,2025-01-22,2025-02-20
2025-02-21,12,82,30,2025-01-22,2025-02-20
2025-02-21,18,83,30,2025-01-22,2025-02-20
2025-02-22,0,84,30,2025-01-23,2025-02-21
2025-02-22,6,85,30,2025-01-23,2025-02-21
2025-02-22,12,86,30,2025-01-23,2025-02-21
2025-02-22,18,87,30,2025-01-23,2025-02-21
2025-02-23,0,88,30,2025-01-24,2025-02-22
2025-02-23,6,89,30,2025-01-24,2025-02-22
2025-02-23,12,90,30,2025-01-24,2025-02-22
2025-02-23,18,91,30,2025-01-24,2025-02-22
2025-02-24,0,92,30,2025-01-25,2025-02-23
2025-02-24,6,93,30,2025-01-25,2025-02-23
2025-02-24,12,94,30,2025-01-25,2025-02-23
2025-02-24,18,95,30,2025-01-25,2025-02-23
2025-02-25,0,96,30,2025-01-26,2025-02-24
2025-02-25,6,97,30,2025-01-26,2025-02-24
2025-02-25,12,98,30,2025-01-26,2025-02-24
2025-02-25,18,99,30,2025-01-26,2025-02-24
2025-02-26,0,100,30,2025-01-27,2025-02-25
2025-02-26,6,101,30,2025-01-27,2025-02-25
2025-02-26,12,102,30,2025-01-27,2025-02-25
2025-02-26,18,103,30,2025-01-27,2025-02-25
2025-02-27,0,104,30,2025-01-28,2025-02-26
2025-02-27,6,105,30,2025-01-28,2025-02-26
2025-02-27,12,106,30,2025-01-28,2025-02-26
2025-02-27,18,107,30,2025-01-28,2025-02-26
2025-02-28,0,108,30,2025-01-29,2025-02-27
2025-02-28,6,109,30,2025-01-29,2025-02-27
2025-02-28,12,110,30,2025-01-29,2025-02-27
2025-02-28,18,111,30,2025-01-29,2025-02-27
2025-03-01,0,112,30,2025-01-30,2025-02-28
2025-03-01,6,113,30,2025-01-30,2025-02-28
2025-03-01,12,114,30,2025-01-30,2025-02-28
2025-03-01,18,115,30,2025-01-30,2025-02-28
2025-03-02,0,116,30,2025-01-31,2025-03-01
2025-03-02,6,117,30,2025-01-31,2025-03-01
2025-03-02,12,118,30,2025-01-31,2025-03-01
2025-03-02,18,119,30,2025-01-31,2025-03-01
2025-03-03,0,120,30,2025-02-01,2025-03-02
2025-03-03,6,121,30,2025-02-01,2025-03-02
2025-03-03,12,122,30,2025-02-01,2025-03-02
2025-03-03,18,123,30,2025-02-01,2025-03-02
2025-03-04,0,124,30,2025-02-02,2025-03-03
2025-03-04,6,125,30,2025-02-02,2025-03-03
2025-03-04,12,126,30,2025-02-02,2025-03-03
2025-03-04,18,127,30,2025-02-02,2025-03-03
2025-03-05,0,128,30,2025-02-03,2025-03-04
2025-03-05,6,129,30,2025-02-03,2025-03-04
2025-03-05,12,130,30,2025-02-03,2025-03-04
2025-03-05,18,131,30,2025-02-03,2025-03-04
2025-03-06,0,132,30,2025-02-04,2025-03-05
2025-03-06,6,133,30,2025-02-04,2025-03-05
2025-03-06,12,134,30,2025-02-04,2025-03-05
2025-03-06,18,135,30,2025-02-04,2025-03-05
2025-03-07,0,136,30,2025-02-05,2025-03-06
2025-03-07,6,137,30,2025-02-05,2025-03-06
2025-03-07,12,138,30,2025-02-05,2025-03-06
2025-03-07,18,139,30,2025-02-05,2025-03-06
2025-03-08,0,140,30,2025-02-06,2025-03-07
2025-03-08,6,141,30,2025-02-06,2025-03-07
2025-03-08,12,142,30,2025-02-06,2025-03-07
2025-03-08,18,143,30,2025-02-06,2025-03-07
2025-03-09,0,144,30,2025-02-07,2025-03-08
2025-03-09,6,145,30,2025-02-07,2025-03-08
2025-03-09,12,146,30,2025-02-07,2025-03-08
2025-03-09,18,147,30,2025-02-07,2025-03-08
2025-03-10,0,148,30,2025-02-08,2025-03-09
2025-03-10,6,149,30,2025-02-08,2025-03-09
2025-03-10,12,150,30,2025-02-08,2025-03-09
2025-03-10,18,151,30,2025-02-08,2025-03-09
2025-03-11,0,152,30,2025-02-09,2025-03-10
2025-03-11,6,153,30,2025-02-09,2025-03-10
2025-03-11,12,154,30,2025-02-09,2025-03-10
2025-03-11,18,155,30,2025-02-09,2025-03-10
2025-03-12,0,156,30,2025-02-10,2025-03-11
2025-03-12,6,157,30,2025-02-10,2025-03-11
2025-03-12,12,158,30,2025-02-10,2025-03-11
2025-03-12,18,159,30,2025-02-10,2025-03-11
2025-03-13,0,160,30,2025-02-11,2025-03-12
2025-03-13,6,161,30,2025-02-11,2025-03-12
2025-03-13,12,162,30,2025-02-11,2025-03-12
2025-03-13,18,163,30,2025-02-11,2025-03-12
2025-03-14,0,164,30,2025-02-12,2025-03-13
2025-03-14,6,165,30,2025-02-12,2025-03-13
2025-03-14,12,166,30,2025-02-12,2025-03-13
2025-03-14,18,167,30,2025-02-12,2025-03-13
2025-03-15,0,168,30,2025-02-13,2025-03-14
2025-03-15,6,169,30,2025-02-13,2025-03-14
2025-03-15,12,170,30,2025-02-13,2025-03-14
2025-03-15,18,171,30,2025-02-13,2025-03-14
2025-03-16,0,172,30,2025-02-14,2025-03-15
2025-03-16,6,173,30,2025-02-14,2025-03-15
2025-03-16,12,174,30,2025-02-14,2025-03-15
2025-03-16,18,175,30,2025-02-14,2025-03-15
2025-03-17,0,176,30,2025-02-15,2025-03-16
2025-03-17,6,177,30,2025-02-15,2025-03-16
2025-03-17,12,178,30,2025-02-15,2025-03-16
2025-03-17,18,179,30,2025-02-15,2025-03-16
2025-03-18,0,180,30,2025-02-16,2025-03-17
2025-03-18,6,181,30,2025-02-16,2025-03-17
2025-03-18,12,182,30,2025-02-16,2025-03-17
2025-03-18,18,183,30,2025-02-16,2025-03-17
2025-03-19,0,184,30,2025-02-17,2025-03-18
2025-03-19,6,185,30,2025-02-17,2025-03-18
2025-03-19,12,186,30,2025-02-17,2025-03-18
2025-03-19,18,187,30,2025-02-17,2025-03-18
2025-03-20,0,188,30,2025-02-18,2025-03-19
2025-03-20,6,189,30,2025-02-18,2025-03-19
2025-03-20,12,190,30,2025-02-18,2025-03-19
2025-03-20,18,191,30,2025-02-18,2025-03-19
2025-03-21,0,192,30,2025-02-19,2025-03-20
2025-03-21,6,193,30,2025-02-19,2025-03-20
2025-03-21,12,194,30,2025-02-19,2025-03-20
2025-03-21,18,195,30,2025-02-19,2025-03-20
2025-03-22,0,196,30,2025-02-20,2025-03-21
2025-03-22,6,197,30,2025-02-20,2025-03-21
2025-03-22,12,198,30,2025-02-20,2025-03-21
2025-03-22,18,199,30,2025-02-20,2025-03-21
2025-03-23,0,200,30,2025-02-21,2025-03-22
2025-03-23,6,201,30,2025-02-21,2025-03-22
2025-03-23,12,202,30,2025-02-21,2025-03-22
2025-03-23,18,203,30,2025-02-21,2025-03-22
2025-03-24,0,204,30,2025-02-22,2025-03-23
2025-03-24,6,205,30,2025-02-22,2025-03-23
2025-03-24,12,206,30,2025-02-22,2025-03-23
2025-03-24,18,207,30,2025-02-22,2025-03-23
2025-03-25,0,208,30,2025-02-23,2025-03-24
2025-03-25,6,209,30,2025-02-23,2025-03-24
2025-03-25,12,210,30,2025-02-23,2025-03-24
2025-03-25,18,211,30,2025-02-23,2025-03-24
2025-03-26,0,212,30,2025-02-24,2025-03-25
2025-03-26,6,213,30,2025-02-24,2025-03-25
2025-03-26,12,214,30,2025-02-24,2025-03-25
2025-03-26,18,215,30,2025-02-24,2025-03-25
2025-03-27,0,216,30,2025-02-25,2025-03-26
2025-03-27,6,217,30,2025-02-25,2025-03-26
2025-03-27,12,218,30,2025-02-25,2025-03-26
2025-03-27,18,219,30,2025-02-25,2025-03-26
2025-03-28,0,220,30,2025-02-26,2025-03-27
2025-03-28,6,221,30,2025-02-26,2025-03-27
2025-03-28,12,222,30,2025-02-26,2025-03-27
2025-03-28,18,223,30,2025-02-26,2025-03-27
2025-03-29,0,224,30,2025-02-27,2025-03-28
2025-03-29,6,225,30,2025-02-27,2025-03-28
2025-03-29,12,226,30,2025-02-27,2025-03-28
2025-03-29,18,227,30,2025-02-27,2025-03-28
2025-03-30,0,228,30,2025-02-28,2025-03-29
2025-03-30,6,229,30,2025-02-28,2025-03-29
2025-03-30,12,230,30,2025-02-28,2025-03-29
2025-03-30,18,231,30,2025-02-28,2025-03-29
2025-03-31,0,232,30,2025-03-01,2025-03-30
2025-03-31,6,233,30,2025-03-01,2025-03-30
2025-03-31,12,234,30,2025-03-01,2025-03-30
2025-03-31,18,235,30,2025-03-01,2025-03-30
2025-04-01,0,236,30,2025-03-02,2025-03-31
2025-04-01,6,237,30,2025-03-02,2025-03-31
2025-04-01,12,238,30,2025-03-02,2025-03-31
2025-04-01,18,239,30,2025-03-02,2025-03-31
2025-04-02,0,240,30,2025-03-03,2025-04-01
2025-04-02,6,241,30,2025-03-03,2025-04-01
2025-04-02,12,242,30,2025-03-03,2025-04-01
2025-04-02,18,243,30,2025-03-03,2025-04-01
2025-04-03,0,244,30,2025-03-04,2025-04-02
2025-04-03,6,245,30,2025-03-04,2025-04-02
2025-04-03,12,246,30,2025-03-04,2025-04-02
2025-04-03,18,247,30,2025-03-04,2025-04-02
2025-04-04,0,248,30,2025-03-05,2025-04-03
2025-04-04,6,249,30,2025-03-05,2025-04-03
2025-04-04,12,250,30,2025-03-05,2025-04-03
2025-04-04,18,251,30,2025-03-05,2025-04-03
2025-04-05,0,252,30,2025-03-06,2025-04-04
2025-04-05,6,253,30,2025-03-06,2025-04-04
2025-04-05,12,254,30,2025-03-06,2025-04-04
2025-04-05,18,255,30,2025-03-06,2025-04-04
2025-04-06,0,256,30,2025-03-07,2025-04-05
2025-04-06,6,257,30,2025-03-07,2025-04-05
2025-04-06,12,258,30,2025-03-07,2025-04-05
2025-04-06,18,259,30,2025-03-07,2025-04-05
2025-04-07,0,260,30,2025-03-08,2025-04-06
2025-04-07,6,261,30,2025-03-08,2025-04-06
2025-04-07,12,262,30,2025-03-08,2025-04-06
2025-04-07,18,263,30,2025-03-08,2025-04-06
2025-04-08,0,264,30,2025-03-09,2025-04-07
2025-04-08,6,265,30,2025-03-09,2025-04-07
2025-04-08,12,266,30,2025-03-09,2025-04-07
2025-04-08,18,267,30,2025-03-09,2025-04-07
2025-04-09,0,268,30,2025-03-10,2025-04-08
2025-04-09,6,269,30,2025-03-10,2025-04-08
2025-04-09,12,270,30,2025-03-10,2025-04-08
2025-04-09,18,271,30,2025-03-10,2025-04-08
2025-04-10,0,272,30,2025-03-11,2025-04-09
2025-04-10,6,273,30,2025-03-11,2025-04-09
2025-04-10,12,274,30,2025-03-11,2025-04-09
2025-04-10,18,275,30,2025-03-11,2025-04-09
2025-04-11,0,276,30,2025-03-12,2025-04-10
2025-04-11,6,277,30,2025-03-12,2025-04-10
2025-04-11,12,278,30,2025-03-12,2025-04-10
2025-04-11,18,279,30,2025-03-12,2025-04-10
2025-04-12,0,280,30,2025-03-13,2025-04-11
2025-04-12,6,281,30,2025-03-13,2025-04-11
2025-04-12,12,282,30,2025-03-13,2025-04-11
2025-04-12,18,283,30,2025-03-13,2025-04-11
2025-04-13,0,284,30,2025-03-14,2025-04-12
2025-04-13,6,285,30,2025-03-14,2025-04-12
2025-04-13,12,286,30,2025-03-14,2025-04-12
2025-04-13,18,287,30,2025-03-14,2025-04-12
2025-04-14,0,288,30,2025-03-15,2025-04-13
2025-04-14,6,289,30,2025-03-15,2025-04-13
2025-04-14,12,290,30,2025-03-15,2025-04-13
2025-04-14,18,291,30,2025-03-15,2025-04-13
2025-04-15,0,292,30,2025-03-16,2025-04-14
2025-04-15,6,293,30,2025-03-16,2025-04-14
2025-04-15,12,294,30,2025-03-16,2025-04-14
2025-04-15,18,295,30,2025-03-16,2025-04-14
2025-04-16,0,296,30,2025-03-17,2025-04-15
2025-04-16,6,297,30,2025-03-17,2025-04-15
2025-04-16,12,298,30,2025-03-17,2025-04-15
2025-04-16,18,299,30,2025-03-17,2025-04-15
2025-04-17,0,300,30,2025-03-18,2025-04-16
2025-04-17,6,301,30,2025-03-18,2025-04-16
2025-04-17,12,302,30,2025-03-18,2025-04-16
2025-04-17,18,303,30,2025-03-18,2025-04-16
2025-04-18,0,304,30,2025-03-19,2025-04-17
2025-04-18,6,305,30,2025-03-19,2025-04-17
2025-04-18,12,306,30,2025-03-19,2025-04-17
2025-04-18,18,307,30,2025-03-19,2025-04-17
2025-04-19,0,308,30,2025-03-20,2025-04-18
2025-04-19,6,309,30,2025-03-20,2025-04-18
2025-04-19,12,310,30,2025-03-20,2025-04-18
2025-04-19,18,311,30,2025-03-20,2025-04-18
2025-04-20,0,312,30,2025-03-21,2025-04-19
2025-04-20,6,313,30,2025-03-21,2025-04-19
2025-04-20,12,314,30,2025-03-21,2025-04-19
2025-04-20,18,315,30,2025-03-21,2025-04-19
2025-04-21,0,316,30,2025-03-22,2025-04-20
2025-04-21,6,317,30,2025-03-22,2025-04-20
2025-04-21,12,318,30,2025-03-22,2025-04-20
2025-04-21,18,319,30,2025-03-22,2025-04-20
2025-04-22,0,320,30,2025-03-23,2025-04-21
2025-04-22,6,321,30,2025-03-23,2025-04-21
2025-04-22,12,322,30,2025-03-23,2025-04-21
2025-04-22,18,323,30,2025-03-23,2025-04-21
2025-04-23,0,324,30,2025-03-24,2025-04-22
2025-04-23,6,325,30,2025-03-24,2025-04-22
2025-04-23,12,326,30,2025-03-24,2025-04-22
2025-04-23,18,327,30,2025-03-24,2025-04-22
2025-04-24,0,328,30,2025-03-25,2025-04-23
2025-04-24,6,329,30,2025-03-25,2025-04-23
2025-04-24,12,330,30,2025-03-25,2025-04-23
2025-04-24,18,331,30,2025-03-25,2025-04-23
2025-04-25,0,332,30,2025-03-26,2025-04-24
2025-04-25,6,333,30,2025-03-26,2025-04-24
2025-04-25,12,334,30,2025-03-26,2025-04-24
2025-04-25,18,335,30,2025-03-26,2025-04-24
2025-04-26,0,336,30,2025-03-27,2025-04-25
2025-04-26,6,337,30,2025-03-27,2025-04-25
2025-04-26,12,338,30,2025-03-27,2025-04-25
2025-04-26,18,339,30,2025-03-27,2025-04-25
2025-04-27,0,340,30,2025-03-28,2025-04-26
2025-04-27,6,341,30,2025-03-28,2025-04-26
2025-04-27,12,342,30,2025-03-28,2025-04-26
2025-04-27,18,343,30,2025-03-28,2025-04-26
2025-04-28,0,344,30,2025-03-29,2025-04-27
2025-04-28,6,345,30,2025-03-29,2025-04-27
2025-04-28,12,346,30,2025-03-29,2025-04-27
2025-04-28,18,347,30,2025-03-29,2025-04-27
2025-04-29,0,348,30,2025-03-30,2025-04-28
2025-04-29,6,349,30,2025-03-30,2025-04-28
2025-04-29,12,350,30,2025-03-30,2025-04-28
2025-04-29,18,351,30,2025-03-30,2025-04-28
2025-04-30,0,352,30,2025-03-31,2025-04-29
2025-04-30,6,353,30,2025-03-31,2025-04-29
2025-04-30,12,354,30,2025-03-31,2025-04-29
2025-04-30,18,355,30,2025-03-31,2025-04-29
2025-05-01,0,356,30,2025-04-01,2025-04-30
2025-05-01,6,357,30,2025-04-01,2025-04-30
2025-05-01,12,358,30,2025-04-01,2025-04-30
2025-05-01,18,359,30,2025-04-01,2025-04-30
2025-05-02,0,360,30,2025-04-02,2025-05-01
2025-05-02,6,361,30,2025-04-02,2025-05-01
2025-05-02,12,362,30,2025-04-02,2025-05-01
2025-05-02,18,363,30,2025-04-02,2025-05-01
2025-05-03,0,364,30,2025-04-03,2025-05-02
2025-05-03,6,365,30,2025-04-03,2025-05-02
2025-05-03,12,366,30,2025-04-03,2025-05-02
2025-05-03,18,367,30,2025-04-03,2025-05-02
2025-05-04,0,368,30,2025-04-04,2025-05-03
2025-05-04,6,369,30,2025-04-04,2025-05-03
2025-05-04,12,370,30,2025-04-04,2025-05-03
2025-05-04,18,371,30,2025-04-04,2025-05-03
2025-05-05,0,372,30,2025-04-05,2025-05-04
2025-05-05,6,373,30,2025-04-05,2025-05-04
2025-05-05,12,374,30,2025-04-05,2025-05-04
2025-05-05,18,375,30,2025-04-05,2025-05-04
2025-05-06,0,376,30,2025-04-06,2025-05-05
2025-05-06,6,377,30,2025-04-06,2025-05-05
2025-05-06,12,378,30,2025-04-06,2025-05-05
2025-05-06,18,379,30,2025-04-06,2025-05-05
2025-05-07,0,380,30,2025-04-07,2025-05-06
2025-05-07,6,381,30,2025-04-07,2025-05-06
2025-05-07,12,382,30,2025-04-07,2025-05-06
2025-05-07,18,383,30,2025-04-07,2025-05-06
2025-05-08,0,384,30,2025-04-08,2025-05-07
2025-05-08,6,385,30,2025-04-08,2025-05-07
2025-05-08,12,386,30,2025-04-08,2025-05-07
2025-05-08,18,387,30,2025-04-08,2025-05-07
2025-05-09,0,388,30,2025-04-09,2025-05-08
2025-05-09,6,389,30,2025-04-09,2025-05-08
2025-05-09,12,390,30,2025-04-09,2025-05-08
2025-05-09,18,391,30,2025-04-09,2025-05-08
2025-05-10,0,392,30,2025-04-10,2025-05-09
2025-05-10,6,393,30,2025-04-10,2025-05-09
2025-05-10,12,394,30,2025-04-10,2025-05-09
2025-05-10,18,395,30,2025-04-10,2025-05-09
2025-05-11,0,396,30,2025-04-11,2025-05-10
2025-05-11,6,397,30,2025-04-11,2025-05-10
2025-05-11,12,398,30,2025-04-11,2025-05-10
2025-05-11,18,399,30,2025-04-11,2025-05-10
2025-05-12,0,400,30,2025-04-12,2025-05-11
2025-05-12,6,401,30,2025-04-12,2025-05-11
2025-05-12,12,402,30,2025-04-12,2025-05-11
2025-05-12,18,403,30,2025-04-12,2025-05-11
2025-05-13,0,404,30,2025-04-13,2025-05-12
2025-05-13,6,405,30,2025-04-13,2025-05-12
2025-05-13,12,406,30,2025-04-13,2025-05-12
2025-05-13,18,407,30,2025-04-13,2025-05-12
2025-05-14,0,408,30,2025-04-14,2025-05-13
2025-05-14,6,409,30,2025-04-14,2025-05-13
2025-05-14,12,410,30,2025-04-14,2025-05-13
2025-05-14,18,411,30,2025-04-14,2025-05-13
2025-05-15,0,412,30,2025-04-15,2025-05-14
2025-05-15,6,413,30,2025-04-15,2025-05-14
2025-05-15,12,414,30,2025-04-15,2025-05-14
2025-05-15,18,415,30,2025-04-15,2025-05-14
2025-05-16,0,416,30,2025-04-16,2025-05-15
2025-05-16,6,417,30,2025-04-16,2025-05-15
2025-05-16,12,418,30,2025-04-16,2025-05-15
2025-05-16,18,419,30,2025-04-16,2025-05-15
2025-05-17,0,420,30,2025-04-17,2025-05-16
2025-05-17,6,421,30,2025-04-17,2025-05-16
2025-05-17,12,422,30,2025-04-17,2025-05-16
2025-05-17,18,423,30,2025-04-17,2025-05-16
2025-05-18,0,424,30,2025-04-18,2025-05-17
2025-05-18,6,425,30,2025-04-18,2025-05-17
2025-05-18,12,426,30,2025-04-18,2025-05-17
2025-05-18,18,427,30,2025-04-18,2025-05-17
2025-05-19,0,428,30,2025-04-19,2025-05-18
2025-05-19,6,429,30,2025-04-19,2025-05-18
2025-05-19,12,430,30,2025-04-19,2025-05-18
2025-05-19,18,431,30,2025-04-19,2025-05-18
2025-05-20,0,432,30,2025-04-20,2025-05-19
2025-05-20,6,433,30,2025-04-20,2025-05-19
2025-05-20,12,434,30,2025-04-20,2025-05-19
2025-05-20,18,435,30,2025-04-20,2025-05-19
2025-05-21,0,436,30,2025-04-21,2025-05-20
2025-05-21,6,437,30,2025-04-21,2025-05-20
2025-05-21,12,438,30,2025-04-21,2025-05-20
2025-05-21,18,439,30,2025-04-21,2025-05-20
2025-05-22,0,440,30,2025-04-22,2025-05-21
2025-05-22,6,441,30,2025-04-22,2025-05-21
2025-05-22,12,442,30,2025-04-22,2025-05-21
2025-05-22,18,443,30,2025-04-22,2025-05-21
2025-05-23,0,444,30,2025-04-23,2025-05-22
2025-05-23,6,445,30,2025-04-23,2025-05-22
2025-05-23,12,446,30,2025-04-23,2025-05-22
2025-05-23,18,447,30,2025-04-23,2025-05-22
2025-05-24,0,448,30,2025-04-24,2025-05-23
2025-05-24,6,449,30,2025-04-24,2025-05-23
2025-05-24,12,450,30,2025-04-24,2025-05-23
2025-05-24,18,451,30,2025-04-24,2025-05-23
2025-05-25,0,452,30,2025-04-25,2025-05-24
2025-05-25,6,453,30,2025-04-25,2025-05-24
2025-05-25,12,454,30,2025-04-25,2025-05-24
2025-05-25,18,455,30,2025-04-25,2025-05-24
2025-05-26,0,456,30,2025-04-26,2025-05-25
2025-05-26,6,457,30,2025-04-26,2025-05-25
2025-05-26,12,458,30,2025-04-26,2025-05-25
2025-05-26,18,459,30,2025-04-26,2025-05-25
2025-05-27,0,460,30,2025-04-27,2025-05-26
2025-05-27,6,461,30,2025-04-27,2025-05-26
2025-05-27,12,462,30,2025-04-27,2025-05-26
2025-05-27,18,463,30,2025-04-27,2025-05-26
2025-05-28,0,464,30,2025-04-28,2025-05-27
2025-05-28,6,465,30,2025-04-28,2025-05-27
2025-05-28,12,466,30,2025-04-28,2025-05-27
2025-05-28,18,467,30,2025-04-28,2025-05-27
2025-05-29,0,468,30,2025-04-29,2025-05-28
2025-05-29,6,469,30,2025-04-29,2025-05-28
2025-05-29,12,470,30,2025-04-29,2025-05-28
2025-05-29,18,471,30,2025-04-29,2025-05-28
2025-05-30,0,472,30,2025-04-30,2025-05-29
2025-05-30,6,473,30,2025-04-30,2025-05-29
2025-05-30,12,474,30,2025-04-30,2025-05-29
2025-05-30,18,475,30,2025-04-30,2025-05-29
2025-05-31,0,476,30,2025-05-01,2025-05-30
2025-05-31,6,477,30,2025-05-01,2025-05-30
2025-05-31,12,478,30,2025-05-01,2025-05-30
2025-05-31,18,479,30,2025-05-01,2025-05-30
2025-06-01,0,480,30,2025-05-02,2025-05-31
2025-06-01,6,481,30,2025-05-02,2025-05-31
2025-06-01,12,482,30,2025-05-02,2025-05-31
2025-06-01,18,483,30,2025-05-02,2025-05-31
2025-06-02,0,484,30,2025-05-03,2025-06-01
2025-06-02,6,485,30,2025-05-03,2025-06-01
2025-06-02,12,486,30,2025-05-03,2025-06-01
2025-06-02,18,487,30,2025-05-03,2025-06-01
2025-06-03,0,488,30,2025-05-04,2025-06-02
2025-06-03,6,489,30,2025-05-04,2025-06-02
2025-06-03,12,490,30,2025-05-04,2025-06-02
2025-06-03,18,491,30,2025-05-04,2025-06-02
2025-06-04,0,492,30,2025-05-05,2025-06-03
2025-06-04,6,493,30,2025-05-05,2025-06-03
2025-06-04,12,494,30,2025-05-05,2025-06-03
2025-06-04,18,495,30,2025-05-05,2025-06-03
2025-06-05,0,496,30,2025-05-06,2025-06-04
2025-06-05,6,497,30,2025-05-06,2025-06-04
2025-06-05,12,498,30,2025-05-06,2025-06-04
2025-06-05,18,499,30,2025-05-06,2025-06-04
2025-06-06,0,500,30,2025-05-07,2025-06-05
2025-06-06,6,501,30,2025-05-07,2025-06-05
2025-06-06,12,502,30,2025-05-07,2025-06-05
2025-06-06,18,503,30,2025-05-07,2025-06-05
2025-06-07,0,504,30,2025-05-08,2025-06-06
2025-06-07,6,505,30,2025-05-08,2025-06-06
2025-06-07,12,506,30,2025-05-08,2025-06-06
2025-06-07,18,507,30,2025-05-08,2025-06-06
2025-06-08,0,508,30,2025-05-09,2025-06-07
2025-06-08,6,509,30,2025-05-09,2025-06-07
2025-06-08,12,510,30,2025-05-09,2025-06-07
2025-06-08,18,511,30,2025-05-09,2025-06-07
2025-06-09,0,512,30,2025-05-10,2025-06-08
2025-06-09,6,513,30,2025-05-10,2025-06-08
2025-06-09,12,514,30,2025-05-10,2025-06-08
2025-06-09,18,515,30,2025-05-10,2025-06-08
2025-06-10,0,516,30,2025-05-11,2025-06-09
2025-06-10,6,517,30,2025-05-11,2025-06-09
2025-06-10,12,518,30,2025-05-11,2025-06-09
2025-06-10,18,519,30,2025-05-11,2025-06-09
2025-06-11,0,520,30,2025-05-12,2025-06-10
2025-06-11,6,521,30,2025-05-12,2025-06-10
2025-06-11,12,522,30,2025-05-12,2025-06-10
2025-06-11,18,523,30,2025-05-12,2025-06-10
2025-06-12,0,524,30,2025-05-13,2025-06-11
2025-06-12,6,525,30,2025-05-13,2025-06-11
2025-06-12,12,526,30,2025-05-13,2025-06-11
2025-06-12,18,527,30,2025-05-13,2025-06-11
2025-06-13,0,528,30,2025-05-14,2025-06-12
2025-06-13,6,529,30,2025-05-14,2025-06-12
2025-06-13,12,530,30,2025-05-14,2025-06-12
2025-06-13,18,531,30,2025-05-14,2025-06-12
2025-06-14,0,532,30,2025-05-15,2025-06-13
2025-06-14,6,533,30,2025-05-15,2025-06-13
2025-06-14,12,534,30,2025-05-15,2025-06-13
2025-06-14,18,535,30,2025-05-15,2025-06-13
2025-06-15,0,536,30,2025-05-16,2025-06-14
2025-06-15,6,537,30,2025-05-16,2025-06-14
2025-06-15,12,538,30,2025-05-16,2025-06-14
2025-06-15,18,539,30,2025-05-16,2025-06-14
2025-06-16,0,540,30,2025-05-17,2025-06-15
2025-06-16,6,541,30,2025-05-17,2025-06-15
2025-06-16,12,542,30,2025-05-17,2025-06-15
2025-06-16,18,543,30,2025-05-17,2025-06-15
2025-06-17,0,544,30,2025-05-18,2025-06-16
2025-06-17,6,545,30,2025-05-18,2025-06-16
2025-06-17,12,546,30,2025-05-18,2025-06-16
2025-06-17,18,547,30,2025-05-18,2025-06-16
2025-06-18,0,548,30,2025-05-19,2025-06-17
2025-06-18,6,549,30,2025-05-19,2025-06-17
2025-06-18,12,550,30,2025-05-19,2025-06-17
2025-06-18,18,551,30,2025-05-19,2025-06-17
2025-06-19,0,552,30,2025-05-20,2025-06-18
2025-06-19,6,553,30,2025-05-20,2025-06-18
2025-06-19,12,554,30,2025-05-20,2025-06-18
2025-06-19,18,555,30,2025-05-20,2025-06-18
2025-06-20,0,556,30,2025-05-21,2025-06-19
2025-06-20,6,557,30,2025-05-21,2025-06-19
2025-06-20,12,558,30,2025-05-21,2025-06-19
2025-06-20,18,559,30,2025-05-21,2025-06-19
2025-06-21,0,560,30,2025-05-22,2025-06-20
2025-06-21,6,561,30,2025-05-22,2025-06-20
2025-06-21,12,562,30,2025-05-22,2025-06-20
2025-06-21,18,563,30,2025-05-22,2025-06-20
2025-06-22,0,564,30,2025-05-23,2025-06-21
2025-06-22,6,565,30,2025-05-23,2025-06-21
2025-06-22,12,566,30,2025-05-23,2025-06-21
2025-06-22,18,567,30,2025-05-23,2025-06-21
2025-06-23,0,568,30,2025-05-24,2025-06-22
2025-06-23,6,569,30,2025-05-24,2025-06-22
2025-06-23,12,570,30,2025-05-24,2025-06-22
2025-06-23,18,571,30,2025-05-24,2025-06-22
2025-06-24,0,572,30,2025-05-25,2025-06-23
2025-06-24,6,573,30,2025-05-25,2025-06-23
2025-06-24,12,574,30,2025-05-25,2025-06-23
2025-06-24,18,575,30,2025-05-25,2025-06-23
2025-06-25,0,576,30,2025-05-26,2025-06-24
2025-06-25,6,577,30,2025-05-26,2025-06-24
2025-06-25,12,578,30,2025-05-26,2025-06-24
2025-06-25,18,579,30,2025-05-26,2025-06-24
2025-06-26,0,580,30,2025-05-27,2025-06-25
2025-06-26,6,581,30,2025-05-27,2025-06-25
2025-06-26,12,582,30,2025-05-27,2025-06-25
2025-06-26,18,583,30,2025-05-27,2025-06-25
2025-06-27,0,584,30,2025-05-28,2025-06-26
2025-06-27,6,585,30,2025-05-28,2025-06-26
2025-06-27,12,586,30,2025-05-28,2025-06-26
2025-06-27,18,587,30,2025-05-28,2025-06-26
2025-06-28,0,588,30,2025-05-29,2025-06-27
2025-06-28,6,589,30,2025-05-29,2025-06-27
2025-06-28,12,590,30,2025-05-29,2025-06-27
2025-06-28,18,591,30,2025-05-29,2025-06-27
2025-06-29,0,592,30,2025-05-30,2025-06-28
2025-06-29,6,593,30,2025-05-30,2025-06-28
2025-06-29,12,594,30,2025-05-30,2025-06-28
2025-06-29,18,595,30,2025-05-30,2025-06-28
2025-06-30,0,596,30,2025-05-31,2025-06-29
2025-06-30,6,597,30,2025-05-31,2025-06-29
2025-06-30,12,598,30,2025-05-31,2025-06-29
2025-06-30,18,599,30,2025-05-31,2025-06-29
2025-07-01,0,600,30,2025-06-01,2025-06-30
2025-07-01,6,601,30,2025-06-01,2025-06-30
2025-07-01,12,602,30,2025-06-01,2025-06-30
2025-07-01,18,603,30,2025-06-01,2025-06-30
2025-07-02,0,604,30,2025-06-02,2025-07-01
2025-07-02,6,605,30,2025-06-02,2025-07-01
2025-07-02,12,606,30,2025-06-02,2025-07-01
2025-07-02,18,607,30,2025-06-02,2025-07-01
2025-07-03,0,608,30,2025-06-03,2025-07-02
2025-07-03,6,609,30,2025-06-03,2025-07-02
2025-07-03,12,610,30,2025-06-03,2025-07-02
2025-07-03,18,611,30,2025-06-03,2025-07-02
2025-07-04,0,612,30,2025-06-04,2025-07-03
2025-07-04,6,613,30,2025-06-04,2025-07-03
2025-07-04,12,614,30,2025-06-04,2025-07-03
2025-07-04,18,615,30,2025-06-04,2025-07-03
2025-07-05,0,616,30,2025-06-05,2025-07-04
2025-07-05,6,617,30,2025-06-05,2025-07-04
2025-07-05,12,618,30,2025-06-05,2025-07-04
2025-07-05,18,619,30,2025-06-05,2025-07-04
2025-07-06,0,620,30,2025-06-06,2025-07-05
2025-07-06,6,621,30,2025-06-06,2025-07-05
2025-07-06,12,622,30,2025-06-06,2025-07-05
2025-07-06,18,623,30,2025-06-06,2025-07-05
2025-07-07,0,624,30,2025-06-07,2025-07-06
2025-07-07,6,625,30,2025-06-07,2025-07-06
2025-07-07,12,626,30,2025-06-07,2025-07-06
2025-07-07,18,627,30,2025-06-07,2025-07-06
2025-07-08,0,628,30,2025-06-08,2025-07-07
2025-07-08,6,629,30,2025-06-08,2025-07-07
2025-07-08,12,630,30,2025-06-08,2025-07-07
2025-07-08,18,631,30,2025-06-08,2025-07-07
2025-07-09,0,632,30,2025-06-09,2025-07-08
2025-07-09,6,633,30,2025-06-09,2025-07-08
2025-07-09,12,634,30,2025-06-09,2025-07-08
2025-07-09,18,635,30,2025-06-09,2025-07-08
2025-07-10,0,636,30,2025-06-10,2025-07-09
2025-07-10,6,637,30,2025-06-10,2025-07-09
2025-07-10,12,638,30,2025-06-10,2025-07-09
2025-07-10,18,639,30,2025-06-10,2025-07-09
2025-07-11,0,640,30,2025-06-11,2025-07-10
2025-07-11,6,641,30,2025-06-11,2025-07-10
2025-07-11,12,642,30,2025-06-11,2025-07-10
2025-07-11,18,643,30,2025-06-11,2025-07-10
2025-07-12,0,644,30,2025-06-12,2025-07-11
2025-07-12,6,645,30,2025-06-12,2025-07-11
2025-07-12,12,646,30,2025-06-12,2025-07-11
2025-07-12,18,647,30,2025-06-12,2025-07-11
2025-07-13,0,648,30,2025-06-13,2025-07-12
2025-07-13,6,649,30,2025-06-13,2025-07-12
2025-07-13,12,650,30,2025-06-13,2025-07-12
2025-07-13,18,651,30,2025-06-13,2025-07-12
2025-07-14,0,652,30,2025-06-14,2025-07-13
2025-07-14,6,653,30,2025-06-14,2025-07-13
2025-07-14,12,654,30,2025-06-14,2025-07-13
2025-07-14,18,655,30,2025-06-14,2025-07-13
2025-07-15,0,656,30,2025-06-15,2025-07-14
2025-07-15,6,657,30,2025-06-15,2025-07-14
2025-07-15,12,658,30,2025-06-15,2025-07-14
2025-07-15,18,659,30,2025-06-15,2025-07-14
2025-07-16,0,660,30,2025-06-16,2025-07-15
2025-07-16,6,661,30,2025-06-16,2025-07-15
2025-07-16,12,662,30,2025-06-16,2025-07-15
2025-07-16,18,663,30,2025-06-16,2025-07-15
2025-07-17,0,664,30,2025-06-17,2025-07-16
2025-07-17,6,665,30,2025-06-17,2025-07-16
2025-07-17,12,666,30,2025-06-17,2025-07-16
2025-07-17,18,667,30,2025-06-17,2025-07-16
2025-07-18,0,668,30,2025-06-18,2025-07-17
2025-07-18,6,669,30,2025-06-18,2025-07-17
2025-07-18,12,670,30,2025-06-18,2025-07-17
2025-07-18,18,671,30,2025-06-18,2025-07-17
2025-07-19,0,672,30,2025-06-19,2025-07-18
2025-07-19,6,673,30,2025-06-19,2025-07-18
2025-07-19,12,674,30,2025-06-19,2025-07-18
2025-07-19,18,675,30,2025-06-19,2025-07-18
2025-07-20,0,676,30,2025-06-20,2025-07-19
2025-07-20,6,677,30,2025-06-20,2025-07-19
2025-07-20,12,678,30,2025-06-20,2025-07-19
2025-07-20,18,679,30,2025-06-20,2025-07-19
2025-07-21,0,680,30,2025-06-21,2025-07-20
2025-07-21,6,681,30,2025-06-21,2025-07-20
2025-07-21,12,682,30,2025-06-21,2025-07-20
2025-07-21,18,683,30,2025-06-21,2025-07-20
2025-07-22,0,684,30,2025-06-22,2025-07-21
2025-07-22,6,685,30,2025-06-22,2025-07-21
2025-07-22,12,686,30,2025-06-22,2025-07-21
2025-07-22,18,687,30,2025-06-22,2025-07-21
2025-07-23,0,688,30,2025-06-23,2025-07-22
2025-07-23,6,689,30,2025-06-23,2025-07-22
2025-07-23,12,690,30,2025-06-23,2025-07-22
2025-07-23,18,691,30,2025-06-23,2025-07-22
2025-07-24,0,692,30,2025-06-24,2025-07-23
2025-07-24,6,693,30,2025-06-24,2025-07-23
2025-07-24,12,694,30,2025-06-24,2025-07-23
2025-07-24,18,695,30,2025-06-24,2025-07-23
2025-07-25,0,696,30,2025-06-25,2025-07-24
2025-07-25,6,697,30,2025-06-25,2025-07-24
2025-07-25,12,698,30,2025-06-25,2025-07-24
2025-07-25,18,699,30,2025-06-25,2025-07-24
2025-07-26,0,700,30,2025-06-26,2025-07-25
2025-07-26,6,701,30,2025-06-26,2025-07-25
2025-07-26,12,702,30,2025-06-26,2025-07-25
2025-07-26,18,703,30,2025-06-26,2025-07-25
2025-07-27,0,704,30,2025-06-27,2025-07-26
2025-07-27,6,705,30,2025-06-27,2025-07-26
2025-07-27,12,706,30,2025-06-27,2025-07-26
2025-07-27,18,707,30,2025-06-27,2025-07-26
2025-07-28,0,708,30,2025-06-28,2025-07-27
2025-07-28,6,709,30,2025-06-28,2025-07-27
2025-07-28,12,710,30,2025-06-28,2025-07-27
2025-07-28,18,711,30,2025-06-28,2025-07-27
2025-07-29,0,712,30,2025-06-29,2025-07-28
2025-07-29,6,713,30,2025-06-29,2025-07-28
2025-07-29,12,714,30,2025-06-29,2025-07-28
2025-07-29,18,715,30,2025-06-29,2025-07-28
2025-07-30,0,716,30,2025-06-30,2025-07-29
2025-07-30,6,717,30,2025-06-30,2025-07-29
2025-07-30,12,718,30,2025-06-30,2025-07-29
2025-07-30,18,719,30,2025-06-30,2025-07-29
2025-07-31,0,720,30,2025-07-01,2025-07-30
2025-07-31,6,721,30,2025-07-01,2025-07-30
2025-07-31,12,722,30,2025-07-01,2025-07-30
2025-07-31,18,723,30,2025-07-01,2025-07-30
2025-08-01,0,724,30,2025-07-02,2025-07-31
2025-08-01,6,725,30,2025-07-02,2025-07-31
2025-08-01,12,726,30,2025-07-02,2025-07-31
2025-08-01,18,727,30,2025-07-02,2025-07-31
2025-08-02,0,728,30,2025-07-03,2025-08-01
2025-08-02,6,729,30,2025-07-03,2025-08-01
2025-08-02,12,730,30,2025-07-03,2025-08-01
2025-08-02,18,731,30,2025-07-03,2025-08-01
2025-08-03,0,732,30,2025-07-04,2025-08-02
2025-08-03,6,733,30,2025-07-04,2025-08-02
2025-08-03,12,734,30,2025-07-04,2025-08-02
2025-08-03,18,735,30,2025-07-04,2025-08-02
2025-08-04,0,736,30,2025-07-05,2025-08-03
2025-08-04,6,737,30,2025-07-05,2025-08-03
2025-08-04,12,738,30,2025-07-05,2025-08-03
2025-08-04,18,739,30,2025-07-05,2025-08-03
2025-08-05,0,740,30,2025-07-06,2025-08-04
2025-08-05,6,741,30,2025-07-06,2025-08-04
2025-08-05,12,742,30,2025-07-06,2025-08-04
2025-08-05,18,743,30,2025-07-06,2025-08-04
2025-08-06,0,744,30,2025-07-07,2025-08-05
2025-08-06,6,745,30,2025-07-07,2025-08-05
2025-08-06,12,746,30,2025-07-07,2025-08-05
2025-08-06,18,747,30,2025-07-07,2025-08-05
2025-08-07,0,748,30,2025-07-08,2025-08-06
2025-08-07,6,749,30,2025-07-08,2025-08-06
2025-08-07,12,750,30,2025-07-08,2025-08-06
2025-08-07,18,751,30,2025-07-08,2025-08-06
2025-08-08,0,752,30,2025-07-09,2025-08-07
2025-08-08,6,753,30,2025-07-09,2025-08-07
2025-08-08,12,754,30,2025-07-09,2025-08-07
2025-08-08,18,755,30,2025-07-09,2025-08-07
2025-08-09,0,756,30,2025-07-10,2025-08-08
2025-08-09,6,757,30,2025-07-10,2025-08-08
2025-08-09,12,758,30,2025-07-10,2025-08-08
2025-08-09,18,759,30,2025-07-10,2025-08-08
2025-08-10,0,760,30,2025-07-11,2025-08-09
2025-08-10,6,761,30,2025-07-11,2025-08-09
2025-08-10,12,762,30,2025-07-11,2025-08-09
2025-08-10,18,763,30,2025-07-11,2025-08-09
2025-08-11,0,764,30,2025-07-12,2025-08-10
2025-08-11,6,765,30,2025-07-12,2025-08-10
2025-08-11,12,766,30,2025-07-12,2025-08-10
2025-08-11,18,767,30,2025-07-12,2025-08-10
2025-08-12,0,768,30,2025-07-13,2025-08-11
2025-08-12,6,769,30,2025-07-13,2025-08-11
2025-08-12,12,770,30,2025-07-13,2025-08-11
2025-08-12,18,771,30,2025-07-13,2025-08-11
2025-08-13,0,772,30,2025-07-14,2025-08-12
2025-08-13,6,773,30,2025-07-14,2025-08-12
2025-08-13,12,774,30,2025-07-14,2025-08-12
2025-08-13,18,775,30,2025-07-14,2025-08-12
2025-08-14,0,776,30,2025-07-15,2025-08-13
2025-08-14,6,777,30,2025-07-15,2025-08-13
2025-08-14,12,778,30,2025-07-15,2025-08-13
2025-08-14,18,779,30,2025-07-15,2025-08-13
2025-08-15,0,780,30,2025-07-16,2025-08-14
2025-08-15,6,781,30,2025-07-16,2025-08-14
2025-08-15,12,782,30,2025-07-16,2025-08-14
2025-08-15,18,783,30,2025-07-16,2025-08-14
2025-08-16,0,784,30,2025-07-17,2025-08-15
2025-08-16,6,785,30,2025-07-17,2025-08-15
2025-08-16,12,786,30,2025-07-17,2025-08-15
2025-08-16,18,787,30,2025-07-17,2025-08-15
2025-08-17,0,788,30,2025-07-18,2025-08-16
2025-08-17,6,789,30,2025-07-18,2025-08-16
2025-08-17,12,790,30,2025-07-18,2025-08-16
2025-08-17,18,791,30,2025-07-18,2025-08-16
2025-08-18,0,792,30,2025-07-19,2025-08-17
2025-08-18,6,793,30,2025-07-19,2025-08-17
2025-08-18,12,794,30,2025-07-19,2025-08-17
2025-08-18,18,795,30,2025-07-19,2025-08-17
2025-08-19,0,796,30,2025-07-20,2025-08-18
2025-08-19,6,797,30,2025-07-20,2025-08-18
2025-08-19,12,798,30,2025-07-20,2025-08-18
2025-08-19,18,799,30,2025-07-20,2025-08-18
2025-08-20,0,800,30,2025-07-21,2025-08-19
2025-08-20,6,801,30,2025-07-21,2025-08-19
2025-08-20,12,802,30,2025-07-21,2025-08-19
2025-08-20,18,803,30,2025-07-21,2025-08-19
2025-08-21,0,804,30,2025-07-22,2025-08-20
2025-08-21,6,805,30,2025-07-22,2025-08-20
2025-08-21,12,806,30,2025-07-22,2025-08-20
2025-08-21,18,807,30,2025-07-22,2025-08-20
2025-08-22,0,808,30,2025-07-23,2025-08-21
2025-08-22,6,809,30,2025-07-23,2025-08-21
2025-08-22,12,810,30,2025-07-23,2025-08-21
2025-08-22,18,811,30,2025-07-23,2025-08-21
2025-08-23,0,812,30,2025-07-24,2025-08-22
2025-08-23,6,813,30,2025-07-24,2025-08-22
2025-08-23,12,814,30,2025-07-24,2025-08-22
2025-08-23,18,815,30,2025-07-24,2025-08-22
2025-08-24,0,816,30,2025-07-25,2025-08-23
2025-08-24,6,817,30,2025-07-25,2025-08-23
2025-08-24,12,818,30,2025-07-25,2025-08-23
2025-08-24,18,819,30,2025-07-25,2025-08-23
2025-08-25,0,820,30,2025-07-26,2025-08-24
2025-08-25,6,821,30,2025-07-26,2025-08-24
2025-08-25,12,822,30,2025-07-26,2025-08-24
2025-08-25,18,823,30,2025-07-26,2025-08-24
2025-08-26,0,824,30,2025-07-27,2025-08-25
2025-08-26,6,825,30,2025-07-27,2025-08-25
2025-08-26,12,826,30,2025-07-27,2025-08-25
2025-08-26,18,827,30,2025-07-27,2025-08-25
2025-08-27,0,828,30,2025-07-28,2025-08-26
2025-08-27,6,829,30,2025-07-28,2025-08-26
2025-08-27,12,830,30,2025-07-28,2025-08-26
2025-08-27,18,831,30,2025-07-28,2025-08-26
2025-08-28,0,832,30,2025-07-29,2025-08-27
2025-08-28,6,833,30,2025-07-29,2025-08-27
2025-08-28,12,834,30,2025-07-29,2025-08-27
2025-08-28,18,835,30,2025-07-29,2025-08-27
2025-08-29,0,836,30,2025-07-30,2025-08-28
2025-08-29,6,837,30,2025-07-30,2025-08-28
2025-08-29,12,838,30,2025-07-30,2025-08-28
2025-08-29,18,839,30,2025-07-30,2025-08-28
2025-08-30,0,840,30,2025-07-31,2025-08-29
2025-08-30,6,841,30,2025-07-31,2025-08-29
2025-08-30,12,842,30,2025-07-31,2025-08-29
2025-08-30,18,843,30,2025-07-31,2025-08-29
2025-08-31,0,844,30,2025-08-01,2025-08-30
2025-08-31,6,845,30,2025-08-01,2025-08-30
2025-08-31,12,846,30,2025-08-01,2025-08-30
2025-08-31,18,847,30,2025-08-01,2025-08-30
2025-09-01,0,848,30,2025-08-02,2025-08-31
2025-09-01,6,849,30,2025-08-02,2025-08-31
2025-09-01,12,850,30,2025-08-02,2025-08-31
2025-09-01,18,851,30,2025-08-02,2025-08-31
2025-09-02,0,852,30,2025-08-03,2025-09-01
2025-09-02,6,853,30,2025-08-03,2025-09-01
2025-09-02,12,854,30,2025-08-03,2025-09-01
2025-09-02,18,855,30,2025-08-03,2025-09-01
2025-09-03,0,856,30,2025-08-04,2025-09-02
2025-09-03,6,857,30,2025-08-04,2025-09-02
2025-09-03,12,858,30,2025-08-04,2025-09-02
2025-09-03,18,859,30,2025-08-04,2025-09-02
2025-09-04,0,860,30,2025-08-05,2025-09-03
2025-09-04,6,861,30,2025-08-05,2025-09-03
2025-09-04,12,862,30,2025-08-05,2025-09-03
2025-09-04,18,863,30,2025-08-05,2025-09-03
2025-09-05,0,864,30,2025-08-06,2025-09-04
2025-09-05,6,865,30,2025-08-06,2025-09-04
2025-09-05,12,866,30,2025-08-06,2025-09-04
2025-09-05,18,867,30,2025-08-06,2025-09-04
2025-09-06,0,868,30,2025-08-07,2025-09-05
2025-09-06,6,869,30,2025-08-07,2025-09-05
2025-09-06,12,870,30,2025-08-07,2025-09-05
2025-09-06,18,871,30,2025-08-07,2025-09-05
2025-09-07,0,872,30,2025-08-08,2025-09-06
2025-09-07,6,873,30,2025-08-08,2025-09-06
2025-09-07,12,874,30,2025-08-08,2025-09-06
2025-09-07,18,875,30,2025-08-08,2025-09-06
2025-09-08,0,876,30,2025-08-09,2025-09-07
2025-09-08,6,877,30,2025-08-09,2025-09-07
2025-09-08,12,878,30,2025-08-09,2025-09-07
2025-09-08,18,879,30,2025-08-09,2025-09-07
2025-09-09,0,880,30,2025-08-10,2025-09-08
2025-09-09,6,881,30,2025-08-10,2025-09-08
2025-09-09,12,882,30,2025-08-10,2025-09-08
2025-09-09,18,883,30,2025-08-10,2025-09-08
2025-09-10,0,884,30,2025-08-11,2025-09-09
2025-09-10,6,885,30,2025-08-11,2025-09-09
2025-09-10,12,886,30,2025-08-11,2025-09-09
2025-09-10,18,887,30,2025-08-11,2025-09-09
2025-09-11,0,888,30,2025-08-12,2025-09-10
2025-09-11,6,889,30,2025-08-12,2025-09-10
2025-09-11,12,890,30,2025-08-12,2025-09-10
2025-09-11,18,891,30,2025-08-12,2025-09-10
2025-09-12,0,892,30,2025-08-13,2025-09-11
2025-09-12,6,893,30,2025-08-13,2025-09-11
2025-09-12,12,894,30,2025-08-13,2025-09-11
2025-09-12,18,895,30,2025-08-13,2025-09-11
2025-09-13,0,896,30,2025-08-14,2025-09-12
2025-09-13,6,897,30,2025-08-14,2025-09-12
2025-09-13,12,898,30,2025-08-14,2025-09-12
2025-09-13,18,899,30,2025-08-14,2025-09-12
2025-09-14,0,900,30,2025-08-15,2025-09-13
2025-09-14,6,901,30,2025-08-15,2025-09-13
2025-09-14,12,902,30,2025-08-15,2025-09-13
2025-09-14,18,903,30,2025-08-15,2025-09-13
2025-09-15,0,904,30,2025-08-16,2025-09-14
2025-09-15,6,905,30,2025-08-16,2025-09-14
2025-09-15,12,906,30,2025-08-16,2025-09-14
2025-09-15,18,907,30,2025-08-16,2025-09-14
2025-09-16,0,908,30,2025-08-17,2025-09-15
2025-09-16,6,909,30,2025-08-17,2025-09-15
2025-09-16,12,910,30,2025-08-17,2025-09-15
2025-09-16,18,911,30,2025-08-17,2025-09-15
2025-09-17,0,912,30,2025-08-18,2025-09-16
2025-09-17,6,913,30,2025-08-18,2025-09-16
2025-09-17,12,914,30,2025-08-18,2025-09-16
2025-09-17,18,915,30,2025-08-18,2025-09-16
2025-09-18,0,916,30,2025-08-19,2025-09-17
2025-09-18,6,917,30,2025-08-19,2025-09-17
2025-09-18,12,918,30,2025-08-19,2025-09-17
2025-09-18,18,919,30,2025-08-19,2025-09-17
2025-09-19,0,920,30,2025-08-20,2025-09-18
2025-09-19,6,921,30,2025-08-20,2025-09-18
2025-09-19,12,922,30,2025-08-20,2025-09-18
2025-09-19,18,923,30,2025-08-20,2025-09-18
2025-09-20,0,924,30,2025-08-21,2025-09-19
2025-09-20,6,925,30,2025-08-21,2025-09-19
2025-09-20,12,926,30,2025-08-21,2025-09-19
2025-09-20,18,927,30,2025-08-21,2025-09-19
2025-09-21,0,928,30,2025-08-22,2025-09-20
2025-09-21,6,929,30,2025-08-22,2025-09-20
2025-09-21,12,930,30,2025-08-22,2025-09-20
2025-09-21,18,931,30,2025-08-22,2025-09-20
2025-09-22,0,932,30,2025-08-23,2025-09-21
2025-09-22,6,933,30,2025-08-23,2025-09-21
2025-09-22,12,934,30,2025-08-23,2025-09-21
2025-09-22,18,935,30,2025-08-23,2025-09-21
2025-09-23,0,936,30,2025-08-24,2025-09-22
2025-09-23,6,937,30,2025-08-24,2025-09-22
2025-09-23,12,938,30,2025-08-24,2025-09-22
2025-09-23,18,939,30,2025-08-24,2025-09-22
2025-09-24,0,940,30,2025-08-25,2025-09-23
2025-09-24,6,941,30,2025-08-25,2025-09-23
2025-09-24,12,942,30,2025-08-25,2025-09-23
2025-09-24,18,943,30,2025-08-25,2025-09-23
2025-09-25,0,944,30,2025-08-26,2025-09-24
2025-09-25,6,945,30,2025-08-26,2025-09-24
2025-09-25,12,946,30,2025-08-26,2025-09-24
2025-09-25,18,947,30,2025-08-26,2025-09-24
2025-09-26,0,948,30,2025-08-27,2025-09-25
2025-09-26,6,949,30,2025-08-27,2025-09-25
2025-09-26,12,950,30,2025-08-27,2025-09-25
2025-09-26,18,951,30,2025-08-27,2025-09-25
2025-09-27,0,952,30,2025-08-28,2025-09-26
2025-09-27,6,953,30,2025-08-28,2025-09-26
2025-09-27,12,954,30,2025-08-28,2025-09-26
2025-09-27,18,955,30,2025-08-28,2025-09-26
2025-09-28,0,956,30,2025-08-29,2025-09-27
2025-09-28,6,957,30,2025-08-29,2025-09-27
2025-09-28,12,958,30,2025-08-29,2025-09-27
2025-09-28,18,959,30,2025-08-29,2025-09-27
2025-09-29,0,960,30,2025-08-30,2025-09-28
2025-09-29,6,961,30,2025-08-30,2025-09-28
2025-09-29,12,962,30,2025-08-30,2025-09-28
2025-09-29,18,963,30,2025-08-30,2025-09-28
2025-09-30,0,964,30,2025-08-31,2025-09-29
2025-09-30,6,965,30,2025-08-31,2025-09-29
2025-09-30,12,966,30,2025-08-31,2025-09-29
2025-09-30,18,967,30,2025-08-31,2025-09-29
2025-10-01,0,968,30,2025-09-01,2025-09-30
2025-10-01,6,969,30,2025-09-01,2025-09-30
2025-10-01,12,970,30,2025-09-01,2025-09-30
2025-10-01,18,971,30,2025-09-01,2025-09-30
2025-10-02,0,972,30,2025-09-02,2025-10-01
2025-10-02,6,973,30,2025-09-02,2025-10-01
2025-10-02,12,974,30,2025-09-02,2025-10-01
2025-10-02,18,975,30,2025-09-02,2025-10-01
2025-10-03,0,976,30,2025-09-03,2025-10-02
2025-10-03,6,977,30,2025-09-03,2025-10-02
2025-10-03,12,978,30,2025-09-03,2025-10-02
2025-10-03,18,979,30,2025-09-03,2025-10-02
2025-10-04,0,980,30,2025-09-04,2025-10-03
2025-10-04,6,981,30,2025-09-04,2025-10-03
2025-10-04,12,982,30,2025-09-04,2025-10-03
2025-10-04,18,983,30,2025-09-04,2025-10-03
2025-10-05,0,984,30,2025-09-05,2025-10-04
2025-10-05,6,985,30,2025-09-05,2025-10-04
2025-10-05,12,986,30,2025-09-05,2025-10-04
2025-10-05,18,987,30,2025-09-05,2025-10-04
2025-10-06,0,988,30,2025-09-06,2025-10-05
2025-10-06,6,989,30,2025-09-06,2025-10-05
2025-10-06,12,990,30,2025-09-06,2025-10-05
2025-10-06,18,991,30,2025-09-06,2025-10-05
2025-10-07,0,992,30,2025-09-07,2025-10-06
2025-10-07,6,993,30,2025-09-07,2025-10-06
2025-10-07,12,994,30,2025-09-07,2025-10-06
2025-10-07,18,995,30,2025-09-07,2025-10-06
2025-10-08,0,996,30,2025-09-08,2025-10-07
2025-10-08,6,997,30,2025-09-08,2025-10-07
2025-10-08,12,998,30,2025-09-08,2025-10-07
2025-10-08,18,999,30,2025-09-08,2025-10-07
2025-10-09,0,1000,30,2025-09-09,2025-10-08
2025-10-09,6,1001,30,2025-09-09,2025-10-08
2025-10-09,12,1002,30,2025-09-09,2025-10-08
2025-10-09,18,1003,30,2025-09-09,2025-10-08
2025-10-10,0,1004,30,2025-09-10,2025-10-09
2025-10-10,6,1005,30,2025-09-10,2025-10-09
2025-10-10,12,1006,30,2025-09-10,2025-10-09
2025-10-10,18,1007,30,2025-09-10,2025-10-09
2025-10-11,0,1008,30,2025-09-11,2025-10-10
2025-10-11,6,1009,30,2025-09-11,2025-10-10
2025-10-11,12,1010,30,2025-09-11,2025-10-10
2025-10-11,18,1011,30,2025-09-11,2025-10-10
2025-10-12,0,1012,30,2025-09-12,2025-10-11
2025-10-12,6,1013,30,2025-09-12,2025-10-11
2025-10-12,12,1014,30,2025-09-12,2025-10-11
2025-10-12,18,1015,30,2025-09-12,2025-10-11
2025-10-13,0,1016,30,2025-09-13,2025-10-12
2025-10-13,6,1017,30,2025-09-13,2025-10-12
2025-10-13,12,1018,30,2025-09-13,2025-10-12
2025-10-13,18,1019,30,2025-09-13,2025-10-12
2025-10-14,0,1020,30,2025-09-14,2025-10-13
2025-10-14,6,1021,30,2025-09-14,2025-10-13
2025-10-14,12,1022,30,2025-09-14,2025-10-13
2025-10-14,18,1023,30,2025-09-14,2025-10-13
2025-10-15,0,1024,30,2025-09-15,2025-10-14
2025-10-15,6,1025,30,2025-09-15,2025-10-14
2025-10-15,12,1026,30,2025-09-15,2025-10-14
2025-10-15,18,1027,30,2025-09-15,2025-10-14
2025-10-16,0,1028,30,2025-09-16,2025-10-15
2025-10-16,6,1029,30,2025-09-16,2025-10-15
2025-10-16,12,1030,30,2025-09-16,2025-10-15
2025-10-16,18,1031,30,2025-09-16,2025-10-15
2025-10-17,0,1032,30,2025-09-17,2025-10-16
2025-10-17,6,1033,30,2025-09-17,2025-10-16
2025-10-17,12,1034,30,2025-09-17,2025-10-16
2025-10-17,18,1035,30,2025-09-17,2025-10-16
2025-10-18,0,1036,30,2025-09-18,2025-10-17
2025-10-18,6,1037,30,2025-09-18,2025-10-17
2025-10-18,12,1038,30,2025-09-18,2025-10-17
2025-10-18,18,1039,30,2025-09-18,2025-10-17
2025-10-19,0,1040,30,2025-09-19,2025-10-18
2025-10-19,6,1041,30,2025-09-19,2025-10-18
2025-10-19,12,1042,30,2025-09-19,2025-10-18
2025-10-19,18,1043,30,2025-09-19,2025-10-18
2025-10-20,0,1044,30,2025-09-20,2025-10-19
2025-10-20,6,1045,30,2025-09-20,2025-10-19
2025-10-20,12,1046,30,2025-09-20,2025-10-19
2025-10-20,18,1047,30,2025-09-20,2025-10-19
2025-10-21,0,1048,30,2025-09-21,2025-10-20
2025-10-21,6,1049,30,2025-09-21,2025-10-20
2025-10-21,12,1050,30,2025-09-21,2025-10-20
2025-10-21,18,1051,30,2025-09-21,2025-10-20
2025-10-22,0,1052,30,2025-09-22,2025-10-21
2025-10-22,6,1053,30,2025-09-22,2025-10-21
2025-10-22,12,1054,30,2025-09-22,2025-10-21
2025-10-22,18,1055,30,2025-09-22,2025-10-21
2025-10-23,0,1056,30,2025-09-23,2025-10-22
2025-10-23,6,1057,30,2025-09-23,2025-10-22
2025-10-23,12,1058,30,2025-09-23,2025-10-22
2025-10-23,18,1059,30,2025-09-23,2025-10-22
2025-10-24,0,1060,30,2025-09-24,2025-10-23
2025-10-24,6,1061,30,2025-09-24,2025-10-23
2025-10-24,12,1062,30,2025-09-24,2025-10-23
2025-10-24,18,1063,30,2025-09-24,2025-10-23
2025-10-25,0,1064,30,2025-09-25,2025-10-24
2025-10-25,6,1065,30,2025-09-25,2025-10-24
2025-10-25,12,1066,30,2025-09-25,2025-10-24
2025-10-25,18,1067,30,2025-09-25,2025-10-24
2025-10-26,0,1068,30,2025-09-26,2025-10-25
2025-10-26,6,1069,30,2025-09-26,2025-10-25
2025-10-26,12,1070,30,2025-09-26,2025-10-25
2025-10-26,18,1071,30,2025-09-26,2025-10-25
2025-10-27,0,1072,30,2025-09-27,2025-10-26
2025-10-27,6,1073,30,2025-09-27,2025-10-26
2025-10-27,12,1074,30,2025-09-27,2025-10-26
2025-10-27,18,1075,30,2025-09-27,2025-10-26
2025-10-28,0,1076,30,2025-09-28,2025-10-27
2025-10-28,6,1077,30,2025-09-28,2025-10-27
2025-10-28,12,1078,30,2025-09-28,2025-10-27
2025-10-28,18,1079,30,2025-09-28,2025-10-27
2025-10-29,0,1080,30,2025-09-29,2025-10-28
2025-10-29,6,1081,30,2025-09-29,2025-10-28
2025-10-29,12,1082,30,2025-09-29,2025-10-28
2025-10-29,18,1083,30,2025-09-29,2025-10-28
2025-10-30,0,1084,30,2025-09-30,2025-10-29
2025-10-30,6,1085,30,2025-09-30,2025-10-29
2025-10-30,12,1086,30,2025-09-30,2025-10-29
2025-10-30,18,1087,30,2025-09-30,2025-10-29
2025-10-31,0,1088,30,2025-10-01,2025-10-30
2025-10-31,6,1089,30,2025-10-01,2025-10-30
2025-10-31,12,1090,30,2025-10-01,2025-10-30
2025-10-31,18,1091,30,2025-10-01,2025-10-30
2025-11-01,0,1092,30,2025-10-02,2025-10-31
2025-11-01,6,1093,30,2025-10-02,2025-10-31
2025-11-01,12,1094,30,2025-10-02,2025-10-31
2025-11-01,18,1095,30,2025-10-02,2025-10-31
2025-11-02,0,1096,30,2025-10-03,2025-11-01
2025-11-02,6,1097,30,2025-10-03,2025-11-01
2025-11-02,12,1098,30,2025-10-03,2025-11-01
2025-11-02,18,1099,30,2025-10-03,2025-11-01
2025-11-03,0,1100,30,2025-10-04,2025-11-02
2025-11-03,6,1101,30,2025-10-04,2025-11-02
2025-11-03,12,1102,30,2025-10-04,2025-11-02
2025-11-03,18,1103,30,2025-10-04,2025-11-02
2025-11-04,0,1104,30,2025-10-05,2025-11-03
2025-11-04,6,1105,30,2025-10-05,2025-11-03
2025-11-04,12,1106,30,2025-10-05,2025-11-03
2025-11-04,18,1107,30,2025-10-05,2025-11-03
2025-11-05,0,1108,30,2025-10-06,2025-11-04
2025-11-05,6,1109,30,2025-10-06,2025-11-04
2025-11-05,12,1110,30,2025-10-06,2025-11-04
2025-11-05,18,1111,30,2025-10-06,2025-11-04
2025-11-06,0,1112,30,2025-10-07,2025-11-05
2025-11-06,6,1113,30,2025-10-07,2025-11-05
2025-11-06,12,1114,30,2025-10-07,2025-11-05
2025-11-06,18,1115,30,2025-10-07,2025-11-05
2025-11-07,0,1116,30,2025-10-08,2025-11-06
2025-11-07,6,1117,30,2025-10-08,2025-11-06
2025-11-07,12,1118,30,2025-10-08,2025-11-06
2025-11-07,18,1119,30,2025-10-08,2025-11-06
2025-11-08,0,1120,30,2025-10-09,2025-11-07
2025-11-08,6,1121,30,2025-10-09,2025-11-07
2025-11-08,12,1122,30,2025-10-09,2025-11-07
2025-11-08,18,1123,30,2025-10-09,2025-11-07
2025-11-09,0,1124,30,2025-10-10,2025-11-08
2025-11-09,6,1125,30,2025-10-10,2025-11-08
2025-11-09,12,1126,30,2025-10-10,2025-11-08
2025-11-09,18,1127,30,2025-10-10,2025-11-08
2025-11-10,0,1128,30,2025-10-11,2025-11-09
2025-11-10,6,1129,30,2025-10-11,2025-11-09
2025-11-10,12,1130,30,2025-10-11,2025-11-09
2025-11-10,18,1131,30,2025-10-11,2025-11-09
2025-11-11,0,1132,30,2025-10-12,2025-11-10
2025-11-11,6,1133,30,2025-10-12,2025-11-10
2025-11-11,12,1134,30,2025-10-12,2025-11-10
2025-11-11,18,1135,30,2025-10-12,2025-11-10
2025-11-12,0,1136,30,2025-10-13,2025-11-11
2025-11-12,6,1137,30,2025-10-13,2025-11-11
2025-11-12,12,1138,30,2025-10-13,2025-11-11
2025-11-12,18,1139,30,2025-10-13,2025-11-11
2025-11-13,0,1140,30,2025-10-14,2025-11-12
2025-11-13,6,1141,30,2025-10-14,2025-11-12
2025-11-13,12,1142,30,2025-10-14,2025-11-12
2025-11-13,18,1143,30,2025-10-14,2025-11-12
2025-11-14,0,1144,30,2025-10-15,2025-11-13
2025-11-14,6,1145,30,2025-10-15,2025-11-13
2025-11-14,12,1146,30,2025-10-15,2025-11-13
2025-11-14,18,1147,30,2025-10-15,2025-11-13
2025-11-15,0,1148,30,2025-10-16,2025-11-14
2025-11-15,6,1149,30,2025-10-16,2025-11-14
2025-11-15,12,1150,30,2025-10-16,2025-11-14
2025-11-15,18,1151,30,2025-10-16,2025-11-14
2025-11-16,0,1152,30,2025-10-17,2025-11-15
2025-11-16,6,1153,30,2025-10-17,2025-11-15
2025-11-16,12,1154,30,2025-10-17,2025-11-15
2025-11-16,18,1155,30,2025-10-17,2025-11-15
2025-11-17,0,1156,30,2025-10-18,2025-11-16
2025-11-17,6,1157,30,2025-10-18,2025-11-16
2025-11-17,12,1158,30,2025-10-18,2025-11-16
2025-11-17,18,1159,30,2025-10-18,2025-11-16
2025-11-18,0,1160,30,2025-10-19,2025-11-17
2025-11-18,6,1161,30,2025-10-19,2025-11-17
2025-11-18,12,1162,30,2025-10-19,2025-11-17
2025-11-18,18,1163,30,2025-10-19,2025-11-17
2025-11-19,0,1164,30,2025-10-20,2025-11-18
2025-11-19,6,1165,30,2025-10-20,2025-11-18
2025-11-19,12,1166,30,2025-10-20,2025-11-18
2025-11-19,18,1167,30,2025-10-20,2025-11-18
2025-11-20,0,1168,30,2025-10-21,2025-11-19
2025-11-20,6,1169,30,2025-10-21,2025-11-19
2025-11-20,12,1170,30,2025-10-21,2025-11-19
2025-11-20,18,1171,30,2025-10-21,2025-11-19
2025-11-21,0,1172,30,2025-10-22,2025-11-20
2025-11-21,6,1173,30,2025-10-22,2025-11-20
2025-11-21,12,1174,30,2025-10-22,2025-11-20
2025-11-21,18,1175,30,2025-10-22,2025-11-20
2025-11-22,0,1176,30,2025-10-23,2025-11-21
2025-11-22,6,1177,30,2025-10-23,2025-11-21
2025-11-22,12,1178,30,2025-10-23,2025-11-21
2025-11-22,18,1179,30,2025-10-23,2025-11-21
2025-11-23,0,1180,30,2025-10-24,2025-11-22
2025-11-23,6,1181,30,2025-10-24,2025-11-22
2025-11-23,12,1182,30,2025-10-24,2025-11-22
2025-11-23,18,1183,30,2025-10-24,2025-11-22
2025-11-24,0,1184,30,2025-10-25,2025-11-23
2025-11-24,6,1185,30,2025-10-25,2025-11-23
2025-11-24,12,1186,30,2025-10-25,2025-11-23
2025-11-24,18,1187,30,2025-10-25,2025-11-23
2025-11-25,0,1188,30,2025-10-26,2025-11-24
2025-11-25,6,1189,30,2025-10-26,2025-11-24
2025-11-25,12,1190,30,2025-10-26,2025-11-24
2025-11-25,18,1191,30,2025-10-26,2025-11-24
2025-11-26,0,1192,30,2025-10-27,2025-11-25
2025-11-26,6,1193,30,2025-10-27,2025-11-25
2025-11-26,12,1194,30,2025-10-27,2025-11-25
2025-11-26,18,1195,30,2025-10-27,2025-11-25
2025-11-27,0,1196,30,2025-10-28,2025-11-26
2025-11-27,6,1197,30,2025-10-28,2025-11-26
2025-11-27,12,1198,30,2025-10-28,2025-11-26
2025-11-27,18,1199,30,2025-10-28,2025-11-26
2025-11-28,0,1200,30,2025-10-29,2025-11-27
2025-11-28,6,1201,30,2025-10-29,2025-11-27
2025-11-28,12,1202,30,2025-10-29,2025-11-27
2025-11-28,18,1203,30,2025-10-29,2025-11-27
2025-11-29,0,1204,30,2025-10-30,2025-11-28
2025-11-29,6,1205,30,2025-10-30,2025-11-28
2025-11-29,12,1206,30,2025-10-30,2025-11-28
2025-11-29,18,1207,30,2025-10-30,2025-11-28
2025-11-30,0,1208,30,2025-10-31,2025-11-29
2025-11-30,6,1209,30,2025-10-31,2025-11-29
2025-11-30,12,1210,30,2025-10-31,2025-11-29
2025-11-30,18,1211,30,2025-10-31,2025-11-29
2025-12-01,0,1212,30,2025-11-01,2025-11-30
2025-12-01,6,1213,30,2025-11-01,2025-11-30
2025-12-01,12,1214,30,2025-11-01,2025-11-30
2025-12-01,18,1215,30,2025-11-01,2025-11-30
2025-12-02,0,1216,30,2025-11-02,2025-12-01
2025-12-02,6,1217,30,2025-11-02,2025-12-01
2025-12-02,12,1218,30,2025-11-02,2025-12-01
2025-12-02,18,1219,30,2025-11-02,2025-12-01
2025-12-03,0,1220,30,2025-11-03,2025-12-02
2025-12-03,6,1221,30,2025-11-03,2025-12-02
2025-12-03,12,1222,30,2025-11-03,2025-12-02
2025-12-03,18,1223,30,2025-11-03,2025-12-02
2025-12-04,0,1224,30,2025-11-04,2025-12-03
2025-12-04,6,1225,30,2025-11-04,2025-12-03
2025-12-04,12,1226,30,2025-11-04,2025-12-03
2025-12-04,18,1227,30,2025-11-04,2025-12-03
2025-12-05,0,1228,30,2025-11-05,2025-12-04
2025-12-05,6,1229,30,2025-11-05,2025-12-04
2025-12-05,12,1230,30,2025-11-05,2025-12-04
2025-12-05,18,1231,30,2025-11-05,2025-12-04
2025-12-06,0,1232,30,2025-11-06,2025-12-05
2025-12-06,6,1233,30,2025-11-06,2025-12-05
2025-12-06,12,1234,30,2025-11-06,2025-12-05
2025-12-06,18,1235,30,2025-11-06,2025-12-05
2025-12-07,0,1236,30,2025-11-07,2025-12-06
2025-12-07,6,1237,30,2025-11-07,2025-12-06
2025-12-07,12,1238,30,2025-11-07,2025-12-06
2025-12-07,18,1239,30,2025-11-07,2025-12-06
2025-12-08,0,1240,30,2025-11-08,2025-12-07
2025-12-08,6,1241,30,2025-11-08,2025-12-07
2025-12-08,12,1242,30,2025-11-08,2025-12-07
2025-12-08,18,1243,30,2025-11-08,2025-12-07
2025-12-09,0,1244,30,2025-11-09,2025-12-08
2025-12-09,6,1245,30,2025-11-09,2025-12-08
2025-12-09,12,1246,30,2025-11-09,2025-12-08
2025-12-09,18,1247,30,2025-11-09,2025-12-08
2025-12-10,0,1248,30,2025-11-10,2025-12-09
2025-12-10,6,1249,30,2025-11-10,2025-12-09
2025-12-10,12,1250,30,2025-11-10,2025-12-09
2025-12-10,18,1251,30,2025-11-10,2025-12-09
2025-12-11,0,1252,30,2025-11-11,2025-12-10
2025-12-11,6,1253,30,2025-11-11,2025-12-10
2025-12-11,12,1254,30,2025-11-11,2025-12-10
2025-12-11,18,1255,30,2025-11-11,2025-12-10
2025-12-12,0,1256,30,2025-11-12,2025-12-11
2025-12-12,6,1257,30,2025-11-12,2025-12-11
2025-12-12,12,1258,30,2025-11-12,2025-12-11
2025-12-12,18,1259,30,2025-11-12,2025-12-11
2025-12-13,0,1260,30,2025-11-13,2025-12-12
2025-12-13,6,1261,30,2025-11-13,2025-12-12
2025-12-13,12,1262,30,2025-11-13,2025-12-12
2025-12-13,18,1263,30,2025-11-13,2025-12-12
2025-12-14,0,1264,30,2025-11-14,2025-12-13
2025-12-14,6,1265,30,2025-11-14,2025-12-13
2025-12-14,12,1266,30,2025-11-14,2025-12-13
2025-12-14,18,1267,30,2025-11-14,2025-12-13
2025-12-15,0,1268,30,2025-11-15,2025-12-14
2025-12-15,6,1269,30,2025-11-15,2025-12-14
2025-12-15,12,1270,30,2025-11-15,2025-12-14
2025-12-15,18,1271,30,2025-11-15,2025-12-14
2025-12-16,0,1272,30,2025-11-16,2025-12-15
2025-12-16,6,1273,30,2025-11-16,2025-12-15
2025-12-16,12,1274,30,2025-11-16,2025-12-15
2025-12-16,18,1275,30,2025-11-16,2025-12-15
2025-12-17,0,1276,30,2025-11-17,2025-12-16
2025-12-17,6,1277,30,2025-11-17,2025-12-16
2025-12-17,12,1278,30,2025-11-17,2025-12-16
2025-12-17,18,1279,30,2025-11-17,2025-12-16
2025-12-18,0,1280,30,2025-11-18,2025-12-17
2025-12-18,6,1281,30,2025-11-18,2025-12-17
2025-12-18,12,1282,30,2025-11-18,2025-12-17
2025-12-18,18,1283,30,2025-11-18,2025-12-17
2025-12-19,0,1284,30,2025-11-19,2025-12-18
2025-12-19,6,1285,30,2025-11-19,2025-12-18
2025-12-19,12,1286,30,2025-11-19,2025-12-18
2025-12-19,18,1287,30,2025-11-19,2025-12-18
2025-12-20,0,1288,30,2025-11-20,2025-12-19
2025-12-20,6,1289,30,2025-11-20,2025-12-19
2025-12-20,12,1290,30,2025-11-20,2025-12-19
2025-12-20,18,1291,30,2025-11-20,2025-12-19
2025-12-21,0,1292,30,2025-11-21,2025-12-20
2025-12-21,6,1293,30,2025-11-21,2025-12-20
2025-12-21,12,1294,30,2025-11-21,2025-12-20
2025-12-21,18,1295,30,2025-11-21,2025-12-20
2025-12-22,0,1296,30,2025-11-22,2025-12-21
2025-12-22,6,1297,30,2025-11-22,2025-12-21
2025-12-22,12,1298,30,2025-11-22,2025-12-21
2025-12-22,18,1299,30,2025-11-22,2025-12-21
2025-12-23,0,1300,30,2025-11-23,2025-12-22
2025-12-23,6,1301,30,2025-11-23,2025-12-22
2025-12-23,12,1302,30,2025-11-23,2025-12-22
2025-12-23,18,1303,30,2025-11-23,2025-12-22
2025-12-24,0,1304,30,2025-11-24,2025-12-23
2025-12-24,6,1305,30,2025-11-24,2025-12-23
2025-12-24,12,1306,30,2025-11-24,2025-12-23
2025-12-24,18,1307,30,2025-11-24,2025-12-23
2025-12-25,0,1308,30,2025-11-25,2025-12-24
2025-12-25,6,1309,30,2025-11-25,2025-12-24
2025-12-25,12,1310,30,2025-11-25,2025-12-24
2025-12-25,18,1311,30,2025-11-25,2025-12-24
2025-12-26,0,1312,30,2025-11-26,2025-12-25
2025-12-26,6,1313,30,2025-11-26,2025-12-25
2025-12-26,12,1314,30,2025-11-26,2025-12-25
2025-12-26,18,1315,30,2025-11-26,2025-12-25
2025-12-27,0,1316,30,2025-11-27,2025-12-26
2025-12-27,6,1317,30,2025-11-27,2025-12-26
2025-12-27,12,1318,30,2025-11-27,2025-12-26
2025-12-27,18,1319,30,2025-11-27,2025-12-26
2025-12-28,0,1320,30,2025-11-28,2025-12-27
2025-12-28,6,1321,30,2025-11-28,2025-12-27
2025-12-28,12,1322,30,2025-11-28,2025-12-27
2025-12-28,18,1323,30,2025-11-28,2025-12-27
2025-12-29,0,1324,30,2025-11-29,2025-12-28
2025-12-29,6,1325,30,2025-11-29,2025-12-28
2025-12-29,12,1326,30,2025-11-29,2025-12-28
2025-12-29,18,1327,30,2025-11-29,2025-12-28
2025-12-30,0,1328,30,2025-11-30,2025-12-29
2025-12-30,6,1329,30,2025-11-30,2025-12-29
2025-12-30,12,1330,30,2025-11-30,2025-12-29
2025-12-30,18,1331,30,2025-11-30,2025-12-29
2025-12-31,0,1332,30,2025-12-01,2025-12-30
2025-12-31,6,1333,30,2025-12-01,2025-12-30
2025-12-31,12,1334,30,2025-12-01,2025-12-30
2025-12-31,18,1335,30,2025-12-01,2025-12-30
