date,shared_plan_energy_kwh,shared_plan_cost_yuan,analytical_emergency_energy_kwh,analytical_emergency_cost_yuan,analytical_total_cost_yuan,dp_emergency_energy_kwh,dp_emergency_cost_yuan,dp_total_cost_yuan,dp_saving_yuan,dp_saving_rate_percent
2025-02-01,46658.547602214734,23911.83046659355,0.0,0.0,23911.83046659355,0.0,0.0,23911.83046659355,0.0,0.0
2025-02-02,89014.48871424736,56742.025197507166,0.0,0.0,56742.025197507166,0.0,0.0,56742.025197507166,0.0,0.0
2025-02-03,84470.13840407736,53582.24085287055,0.0,0.0,53582.24085287055,0.0,0.0,53582.24085287055,0.0,0.0
2025-02-04,84993.37781206948,53713.48513548878,788.000228990697,5361.860785024354,59075.34592051314,788.000228990697,4204.158317525385,57917.64345301416,1157.7024674989734,1.9597049318283832
2025-02-05,85742.22397713142,54264.62687962953,237.24583512049352,1185.9576791161296,55450.584558745664,237.2458351204942,1174.2126791161336,55438.83955874567,11.744999999995343,0.02118102107210865
2025-02-06,85662.28025119627,54255.394067050074,18.07054878368797,105.48975877344611,54360.88382582352,18.070548783689333,105.48975877345407,54360.88382582353,-7.275957614183426e-12,-1.3384546206967785e-14
2025-02-07,40961.20888122152,21259.965095949494,0.0,0.0,21259.965095949494,0.0,0.0,21259.965095949494,0.0,0.0
2025-02-08,37654.3760698033,19644.198291026747,0.0,0.0,19644.198291026747,0.0,0.0,19644.198291026747,0.0,0.0
2025-02-09,82631.95468798216,52131.19916518814,941.8730274525066,6474.575911587838,58605.77507677598,941.8730274525055,4662.72274725575,56793.92191244389,1811.8531643320894,3.0915949186893052
2025-02-10,83754.10275629433,52721.840890643834,0.0,0.0,52721.840890643834,0.0,0.0,52721.840890643834,0.0,0.0
2025-02-11,81052.71521272963,50771.2164592317,0.0,0.0,50771.2164592317,0.0,0.0,50771.2164592317,0.0,0.0
2025-02-12,80194.51125142467,50313.9143395947,42.94515572213561,178.5555743729614,50492.46991396767,42.94515572213561,178.5555743729614,50492.46991396767,0.0,0.0
2025-02-13,79950.61282731415,50156.4177874432,0.0,0.0,50156.4177874432,0.0,0.0,50156.4177874432,0.0,0.0
2025-02-14,35330.60085407627,18410.336177454454,53.485177760775045,290.33134469018273,18700.667522144635,53.485177760775045,290.33134469018273,18700.667522144635,0.0,0.0
2025-02-15,35795.296061561094,18670.13211344257,60.755752022498044,278.26365924428046,18948.39577268685,75.49190652250093,347.309911154044,19017.442024596614,-69.04625190976367,-0.3643910162003811
2025-02-16,79753.00488663148,49549.27024240233,301.7464225813311,1904.6109665540575,51453.88120895639,301.7464225813329,1711.1928271639422,51260.46306956627,193.41813939011627,0.3759058303194603
2025-02-17,80724.91133582089,50278.98983265794,0.0,0.0,50278.98983265794,0.0,0.0,50278.98983265794,0.0,0.0
2025-02-18,78141.57855814733,48441.62847413693,0.0,0.0,48441.62847413693,0.0,0.0,48441.62847413693,0.0,0.0
2025-02-19,77349.64625570727,47951.08467806474,558.200624786618,2693.226897635636,50644.311575700376,558.2006247866179,2693.2268976356354,50644.311575700376,0.0,0.0
2025-02-20,78123.17199767393,48502.172493304985,0.0591998650294272,0.277292167797837,48502.44978547278,0.05919986503010932,0.27729216780103205,48502.44978547279,-7.275957614183426e-12,-1.500121673516517e-14
2025-02-21,34397.501167769224,17851.205380106756,53.40389099939462,294.091878731297,18145.297258838054,53.40389099939458,278.81694933072987,18130.022329437485,15.274929400569818,0.08418120233951988
2025-02-22,34316.0201948537,17631.936488056428,241.21330636969833,1474.5369418379657,19106.473429894395,250.1428813696979,1529.1234338129632,19161.05992186939,-54.586491974994715,-0.2856963226378947
2025-02-23,77731.88954345831,48303.45187196629,0.0,0.0,48303.45187196629,0.0,0.0,48303.45187196629,0.0,0.0
2025-02-24,76807.75455326315,47684.49668060322,0.0,0.0,47684.49668060322,0.0,0.0,47684.49668060322,0.0,0.0
2025-02-25,75012.96300082633,46399.305399864425,6.097362571322492,26.703399381106856,46426.00879924553,6.097362571322378,26.703399381106358,46426.00879924553,0.0,0.0
2025-02-26,71596.78192026523,44255.624559233096,992.4436290231234,6787.46629747521,51043.09085670831,992.4436290231224,5236.39015150571,49492.014710738804,1551.076145969506,3.0387582725422995
2025-02-27,72893.55615775619,44879.927997953826,651.7295914765867,3148.571852519779,48028.49985047361,651.7295914765867,3148.571852519779,48028.49985047361,0.0,0.0
2025-02-28,33825.646077030826,17474.88840545335,0.0,0.0,17474.88840545335,0.0,0.0,17474.88840545335,0.0,0.0
2025-03-01,33478.95304903689,17305.032676722596,0.0,0.0,17305.032676722596,0.0,0.0,17305.032676722596,0.0,0.0
2025-03-02,75954.43546179368,47148.73090193253,1746.8000295309762,11821.551899522205,58970.28280145474,2701.987411820857,13842.936839907095,60991.66774183963,-2021.3849403848872,-3.4278026903663097
2025-03-03,77072.01045154787,47730.09187299176,0.0,0.0,47730.09187299176,51.18229203964874,234.4176562384081,47964.50952923017,-234.4176562384091,-0.49113179346519376
2025-03-04,77912.36767989906,48468.85014212467,0.0,0.0,48468.85014212467,0.0,0.0,48468.85014212467,0.0,0.0
2025-03-05,76069.17695510779,47095.841981449616,0.0,0.0,47095.841981449616,0.0,0.0,47095.841981449616,0.0,0.0
2025-03-06,73341.58818207923,45223.075672620194,0.0,0.0,45223.075672620194,0.0,0.0,45223.075672620194,0.0,0.0
2025-03-07,32608.314697019698,16899.029894875795,0.0,0.0,16899.029894875795,0.0,0.0,16899.029894875795,0.0,0.0
2025-03-08,31197.423344494935,16217.328207888833,305.76897975196965,1169.974415337028,17387.30262322586,305.76897975196954,1160.7130381454126,17378.041246034245,9.261377191614883,0.05326517512407927
2025-03-09,70647.79561195883,43359.173231999346,0.0,0.0,43359.173231999346,0.0,0.0,43359.173231999346,0.0,0.0
2025-03-10,69508.33419687659,42695.725668365485,1940.025002305219,13096.994599451154,55792.720267816636,1940.0250023052206,11811.154953141715,54506.880621507196,1285.8396463094396,2.3046727962665066
2025-03-11,71930.71324484047,43880.79181949301,0.0,0.0,43880.79181949301,38.56893544631912,176.64184630361558,44057.43366579663,-176.64184630361706,-0.40254935925096064
2025-03-12,69962.05759761493,42788.034972521345,0.0,0.0,42788.034972521345,0.0,0.0,42788.034972521345,0.0,0.0
2025-03-13,69360.86763988069,42323.2293344732,2257.7727585840867,14829.038157284203,57152.267491757404,2257.7727585840867,13399.337419965781,55722.56675443899,1429.700737318417,2.501564329927261
2025-03-14,31091.5944762332,16083.235763739005,0.0,0.0,16083.235763739005,0.0,0.0,16083.235763739005,0.0,0.0
2025-03-15,30436.865266052337,15747.15935893378,334.2903092333081,1255.5096866039662,17002.669045537747,334.2903092333081,1256.9856866039663,17004.14504553775,-1.4760000000023865,-0.008680990002506425
2025-03-16,71646.9837003318,43689.29050200549,0.0,0.0,43689.29050200549,0.0,0.0,43689.29050200549,0.0,0.0
2025-03-17,69180.21371235576,42286.111464940965,0.0,0.0,42286.111464940965,0.0,0.0,42286.111464940965,0.0,0.0
2025-03-18,65860.23398174837,40139.471436782595,263.69211931644315,1275.983581001416,41415.455017784014,263.69211931644315,1275.983581001416,41415.455017784014,0.0,0.0
2025-03-19,65515.06550716962,40091.7690631212,0.0,0.0,40091.7690631212,0.0,0.0,40091.7690631212,0.0,0.0
2025-03-20,64656.64887434807,39639.12649345027,1131.5868247745293,7692.853475451258,47331.97996890153,1131.5868247745254,6178.081747821417,45817.208241271685,1514.7717276298426,3.200313463804158
2025-03-21,30718.316126163085,15799.739953526854,34.72210045406919,126.7330672687858,15926.47302079564,34.72210045406919,126.7330672687858,15926.47302079564,0.0,0.0
2025-03-22,30135.041891481127,15404.362632897359,0.0,0.0,15404.362632897359,0.0,0.0,15404.362632897359,0.0,0.0
2025-03-23,65917.87059389378,40305.08342340163,0.0,0.0,40305.08342340163,0.0,0.0,40305.08342340163,0.0,0.0
2025-03-24,64829.99012555522,39581.60448741769,0.0,0.0,39581.60448741769,0.0,0.0,39581.60448741769,0.0,0.0
2025-03-25,64205.05773567324,39193.96531338006,469.6120435562824,3178.0061318613893,42371.97144524145,469.6120435562794,2581.971064607844,41775.936377987906,596.0350672535424,1.4066729654621242
2025-03-26,65622.80260521863,39996.279940285705,0.0,0.0,39996.279940285705,0.0,0.0,39996.279940285705,0.0,0.0
2025-03-27,62772.04765905685,38283.299325682725,44.19052904370274,171.54763374765403,38454.84695943038,44.19052904370274,171.54763374765403,38454.84695943038,0.0,0.0
2025-03-28,30016.39543683837,15194.750366567572,0.0,0.0,15194.750366567572,0.0,0.0,15194.750366567572,0.0,0.0
2025-03-29,29153.690839538027,14699.959122992645,128.19700743627095,739.7281378841942,15439.687260876839,128.19700743627095,739.7281378841942,15439.687260876839,0.0,0.0
2025-03-30,61346.19510699307,37219.75274099827,0.0,0.0,37219.75274099827,0.0,0.0,37219.75274099827,0.0,0.0
2025-03-31,60343.81512541311,36575.43735058924,168.79718239950253,1079.4310862868658,37654.86843687611,184.38623036076208,878.4544019758526,37453.8917525651,200.97668431101192,0.5337335984799026
2025-04-01,61531.009877728866,37148.35133719441,2062.175734087541,14029.81953756059,51178.170874755,2060.2955536262834,13080.384565771274,50228.73590296568,949.4349717893201,1.855156125280074
2025-04-02,64381.32221701342,38532.11227392956,1579.807997955896,7874.530570664998,46406.64284459456,1579.807997955896,7875.160570664998,46407.27284459456,-0.6300000000046566,-0.0013575642653453415
2025-04-03,65475.16272902287,39356.5032912245,0.0,0.0,39356.5032912245,0.0,0.0,39356.5032912245,0.0,0.0
2025-04-04,29190.531885504945,14605.58838617918,0.0,0.0,14605.58838617918,0.0,0.0,14605.58838617918,0.0,0.0
2025-04-05,28440.26928215691,14156.551235905943,64.53135265986711,275.6896437273725,14432.240879633315,698.0093306598696,3575.105467141728,17731.656703047673,-3299.415823414358,-22.861424299468784
2025-04-06,62187.9719160674,37623.73452337949,0.0,0.0,37623.73452337949,0.0,0.0,37623.73452337949,0.0,0.0
2025-04-07,60397.53776129663,36588.755013536254,0.0,0.0,36588.755013536254,0.0,0.0,36588.755013536254,0.0,0.0
2025-04-08,59961.710997789036,36024.93602031028,353.39158310265805,2337.1771890333403,38362.11320934362,353.3915831026581,2283.6076762039074,38308.543696514185,53.569512829431915,0.1396417150877505
2025-04-09,60304.012444512075,36686.20553331621,2224.813015185364,15122.180699340148,51808.38623265636,2224.8130151853647,13824.016878808987,50510.2224121252,1298.163820531161,2.505702097535881
2025-04-10,62973.23387000613,38086.425558184346,0.0,0.0,38086.425558184346,0.0,0.0,38086.425558184346,0.0,0.0
2025-04-11,28759.103508355045,14442.534983813903,0.0,0.0,14442.534983813903,0.0,0.0,14442.534983813903,0.0,0.0
2025-04-12,28351.017401188845,14099.90004346884,0.0,0.0,14099.90004346884,0.0,0.0,14099.90004346884,0.0,0.0
2025-04-13,59204.78964960345,35802.25319095436,0.0,0.0,35802.25319095436,0.0,0.0,35802.25319095436,0.0,0.0
2025-04-14,59135.43821375376,35692.81964039782,0.0,0.0,35692.81964039782,0.0,0.0,35692.81964039782,0.0,0.0
2025-04-15,58709.32361988297,35240.901537027734,0.0,0.0,35240.901537027734,0.0,0.0,35240.901537027734,0.0,0.0
2025-04-16,56970.133357209794,34473.14432501831,1745.2410724798995,11895.838634194806,46368.982959213114,1745.241072479899,11032.775357291917,45505.919682310225,863.0632769028889,1.8612943865127536
2025-04-17,60060.98603765902,35971.384876434844,0.0,0.0,35971.384876434844,0.0,0.0,35971.384876434844,0.0,0.0
2025-04-18,27724.188267215883,13732.686860439064,0.0,0.0,13732.686860439064,0.0,0.0,13732.686860439064,0.0,0.0
2025-04-19,26783.612459862998,13135.710665752784,0.0,0.0,13135.710665752784,0.0,0.0,13135.710665752784,0.0,0.0
2025-04-20,58081.62795535343,34839.41815431701,0.0,0.0,34839.41815431701,0.0,0.0,34839.41815431701,0.0,0.0
2025-04-21,57627.0746849736,34392.50511475427,0.0,0.0,34392.50511475427,0.0,0.0,34392.50511475427,0.0,0.0
2025-04-22,55708.42591020436,33359.8703900112,92.89298192302745,445.8319815184226,33805.70237152962,134.79030092579885,492.523759582869,33852.39414959407,-46.6917780644435,-0.13811805343161937
2025-04-23,56893.12327259772,33931.70607073917,0.0,0.0,33931.70607073917,0.0,0.0,33931.70607073917,0.0,0.0
2025-04-24,56395.95382082788,33593.912735532824,0.0,0.0,33593.912735532824,0.0,0.0,33593.912735532824,0.0,0.0
2025-04-25,26469.420332757996,12754.782284535891,0.0,0.0,12754.782284535891,0.0,0.0,12754.782284535891,0.0,0.0
2025-04-26,26476.07252031448,12808.572714771213,43.15570389654167,199.85490121533059,13008.427615986544,67.55511339654171,349.0084914888308,13157.581206260043,-149.1535902734995,-1.1465919992528464
2025-04-27,52727.24917844321,31923.54362392682,419.5894941315456,2720.441387505095,34643.98501143191,419.58949413154585,2373.6544070016953,34297.19803092851,346.7869805033988,1.0010019932434595
2025-04-28,53696.35025474248,32583.627341291394,5654.7210608380465,37508.891372826874,70092.51871411827,5654.721060838048,35988.46818942151,68572.0955307129,1520.4231834053644,2.1691661411207295
2025-04-29,58930.5074940782,35351.82202962438,0.0,0.0,35351.82202962438,0.0,0.0,35351.82202962438,0.0,0.0
2025-04-30,55672.53497256603,33691.54114504723,0.0,0.0,33691.54114504723,0.0,0.0,33691.54114504723,0.0,0.0
2025-05-01,55211.44973490924,33083.25197275773,2030.866081623481,13022.635779149785,46105.88775190752,2030.8660816234822,12453.489659700612,45536.74163245835,569.1461194491712,1.2344326228175146
2025-05-02,27592.485510324223,13439.526053837379,2425.5984319872355,14276.042586103014,27715.568639940393,3414.8282569872354,18108.410982208232,31547.93703604561,-3832.3683961052157,-13.827493297692836
2025-05-03,30158.08435040245,15754.372521549714,0.0,0.0,15754.372521549714,0.0,0.0,15754.372521549714,0.0,0.0
2025-05-04,59370.728554254776,36777.02834270071,0.0,0.0,36777.02834270071,0.0,0.0,36777.02834270071,0.0,0.0
2025-05-05,59861.346883575345,37271.54373136905,0.0,0.0,37271.54373136905,0.0,0.0,37271.54373136905,0.0,0.0
2025-05-06,59470.96900772139,37137.86270294625,0.0,0.0,37137.86270294625,0.0,0.0,37137.86270294625,0.0,0.0
2025-05-07,58154.24946897279,36495.924708812745,0.0,0.0,36495.924708812745,0.0,0.0,36495.924708812745,0.0,0.0
2025-05-08,60033.149112082436,37860.93177014399,0.0,0.0,37860.93177014399,0.0,0.0,37860.93177014399,0.0,0.0
2025-05-09,28559.64307206017,14866.809938974571,43.64962288143704,169.19415513874137,15036.004094113312,43.64962288143704,169.19415513874137,15036.004094113312,0.0,0.0
2025-05-10,29053.69948986089,15377.181615551868,0.0,0.0,15377.181615551868,0.0,0.0,15377.181615551868,0.0,0.0
2025-05-11,62608.18569067334,39081.96398037973,9.283054642208072,62.58171287044571,39144.54569325018,9.283054642207958,62.58171287044495,39144.54569325018,0.0,0.0
2025-05-12,61084.406112612356,38295.36166599426,0.0,0.0,38295.36166599426,0.0,0.0,38295.36166599426,0.0,0.0
2025-05-13,58156.435398170186,36530.5972916383,0.0,0.0,36530.5972916383,0.0,0.0,36530.5972916383,0.0,0.0
2025-05-14,57599.41545116913,36165.94126389912,0.0,0.0,36165.94126389912,0.0,0.0,36165.94126389912,0.0,0.0
2025-05-15,57600.523803525124,36034.2802050938,0.0,0.0,36034.2802050938,0.0,0.0,36034.2802050938,0.0,0.0
2025-05-16,28715.510307403896,15143.916784848838,0.0,0.0,15143.916784848838,0.0,0.0,15143.916784848838,0.0,0.0
2025-05-17,28111.988528907073,14704.51246738284,107.72189758387668,715.8627052873816,15420.375172670221,107.72189758387663,714.16237333757,15418.67484072041,1.7003319498107885,0.011026527764540477
2025-05-18,57976.32235017059,36408.7514370336,0.0,0.0,36408.7514370336,0.0,0.0,36408.7514370336,0.0,0.0
2025-05-19,57913.95429076694,35898.49284560048,0.0,0.0,35898.49284560048,0.0,0.0,35898.49284560048,0.0,0.0
2025-05-20,55268.198339905284,34513.64971143459,1334.371344978122,9148.676904250558,43662.326615685146,1334.3713449781217,7216.878949527218,41730.528660961805,1931.7979547233408,4.4244045255008615
2025-05-21,58645.989775304144,36344.340415857165,0.0,0.0,36344.340415857165,0.0,0.0,36344.340415857165,0.0,0.0
2025-05-22,57357.30304939658,35925.544277790716,0.0,0.0,35925.544277790716,0.0,0.0,35925.544277790716,0.0,0.0
2025-05-23,27856.931320028663,14735.11799254949,23.94364223261742,99.77315718331678,14834.891149732808,23.94364223261742,99.77315718331678,14834.891149732808,0.0,0.0
2025-05-24,27483.486749338248,14479.650005930616,0.0,0.0,14479.650005930616,0.0,0.0,14479.650005930616,0.0,0.0
2025-05-25,55260.78265257963,34754.93205459227,0.0,0.0,34754.93205459227,0.0,0.0,34754.93205459227,0.0,0.0
2025-05-26,54592.94068454066,34356.97857851383,2148.452926261163,14672.629442741694,49029.608021255524,2148.4529262611622,14154.34300866642,48511.32158718025,518.2864340752712,1.0570886755826836
2025-05-27,58355.59540547339,36003.94101631343,0.0,0.0,36003.94101631343,0.0,0.0,36003.94101631343,0.0,0.0
2025-05-28,55919.748016601174,34784.81390615717,0.0,0.0,34784.81390615717,0.0,0.0,34784.81390615717,0.0,0.0
2025-05-29,56428.08913204574,34879.32775322623,733.9670481626188,5082.071247583775,39961.39900081001,733.9670481626183,4055.624176557919,38934.95192978415,1026.447071025861,2.5685964372895334
2025-05-30,28853.08405590807,14957.078527140093,0.0,0.0,14957.078527140093,0.0,0.0,14957.078527140093,0.0,0.0
2025-05-31,28278.765086949563,14751.343583097452,0.0,0.0,14751.343583097452,0.0,0.0,14751.343583097452,0.0,0.0
2025-06-01,58829.99727082624,36399.713647564815,12817.011006187075,78373.34209625373,114773.05574381855,12817.011006187075,72546.431576323,108946.14522388781,5826.910519930738,5.0768976064702915
2025-06-02,72039.55802892966,44670.73907448533,1990.05812611761,13280.933609106014,57951.67268359134,1990.058126117611,10301.544003364917,54972.283077850254,2979.3896057410893,5.141162399242853
2025-06-03,74634.5807398049,47110.812033127004,18.0647220792888,121.73297380410195,47232.545006931105,18.064722079288572,121.73297380410041,47232.545006931105,0.0,0.0
2025-06-04,75664.91773433637,48047.93195803212,0.0,0.0,48047.93195803212,0.0,0.0,48047.93195803212,0.0,0.0
2025-06-05,75245.9447325812,47486.781474082556,0.0,0.0,47486.781474082556,0.0,0.0,47486.781474082556,0.0,0.0
2025-06-06,29111.98789283614,15104.902094720124,6055.246256239539,36567.52696203036,51672.42905675048,6638.75564473954,31403.90666699619,46508.80876171631,5163.6202950341685,9.992989277440586
2025-06-07,37156.39286568362,21304.548426252884,0.0,0.0,21304.548426252884,0.0,0.0,21304.548426252884,0.0,0.0
2025-06-08,83460.23533153225,53570.46767480385,0.0,0.0,53570.46767480385,0.0,0.0,53570.46767480385,0.0,0.0
2025-06-09,76796.0319965206,49089.13465596501,0.0,0.0,49089.13465596501,0.0,0.0,49089.13465596501,0.0,0.0
2025-06-10,76819.36508681583,49336.64346579547,0.0,0.0,49336.64346579547,0.0,0.0,49336.64346579547,0.0,0.0
2025-06-11,76436.49605566474,49072.09557674989,2300.725757791291,13104.17614113562,62176.27171788551,2300.72575779129,11959.12513353641,61031.2207102863,1145.051007599206,1.8416205667568564
2025-06-12,83028.66456617106,53488.78445966686,0.0,0.0,53488.78445966686,0.0,0.0,53488.78445966686,0.0,0.0
2025-06-13,35529.3094633315,20715.799192300372,0.0,0.0,20715.799192300372,0.0,0.0,20715.799192300372,0.0,0.0
2025-06-14,37769.391252006746,22101.7028616245,0.0,0.0,22101.7028616245,0.0,0.0,22101.7028616245,0.0,0.0
2025-06-15,79887.0861126472,51461.00926418838,0.0,0.0,51461.00926418838,0.0,0.0,51461.00926418838,0.0,0.0
2025-06-16,78597.71801718185,50652.700195865604,0.0,0.0,50652.700195865604,0.0,0.0,50652.700195865604,0.0,0.0
2025-06-17,78294.9633969308,50468.191039345606,0.0,0.0,50468.191039345606,0.0,0.0,50468.191039345606,0.0,0.0
2025-06-18,81014.69568987505,52108.97128074325,0.0,0.0,52108.97128074325,0.0,0.0,52108.97128074325,0.0,0.0
2025-06-19,78670.13743902429,50716.91158352282,0.0,0.0,50716.91158352282,0.0,0.0,50716.91158352282,0.0,0.0
2025-06-20,35864.39849684962,20907.94253647508,0.0,0.0,20907.94253647508,0.0,0.0,20907.94253647508,0.0,0.0
2025-06-21,34125.036517369896,19721.293969568855,101.9553211245919,413.2217541428411,20134.515723711695,101.95532112459182,386.72260939478946,20108.016578963645,26.49914474804973,0.13161053939252504
2025-06-22,72395.87199911452,46439.724835161585,0.0,0.0,46439.724835161585,0.0,0.0,46439.724835161585,0.0,0.0
2025-06-23,72972.54275015174,46468.79079898081,0.0,0.0,46468.79079898081,0.0,0.0,46468.79079898081,0.0,0.0
2025-06-24,73761.91941065766,47082.01161521005,5095.579134465568,29279.03097260224,76361.04258781229,5095.579134465569,25894.919841491894,72976.93145670195,3384.111131110345,4.431724628718559
2025-06-25,80710.55401107692,51609.934276588014,0.0,0.0,51609.934276588014,0.0,0.0,51609.934276588014,0.0,0.0
2025-06-26,77972.67332315665,49957.83002431945,0.0,0.0,49957.83002431945,0.0,0.0,49957.83002431945,0.0,0.0
2025-06-27,34359.126454215795,19485.8633942393,0.0,0.0,19485.8633942393,0.0,0.0,19485.8633942393,0.0,0.0
2025-06-28,33114.85123904364,18786.017844600952,0.0,0.0,18786.017844600952,0.0,0.0,18786.017844600952,0.0,0.0
2025-06-29,73490.55035946672,47198.447467833015,0.0,0.0,47198.447467833015,0.0,0.0,47198.447467833015,0.0,0.0
2025-06-30,73809.39387250393,46943.79766516268,0.0,0.0,46943.79766516268,0.0,0.0,46943.79766516268,0.0,0.0
2025-07-01,74946.5915237685,47529.485549262914,5736.643772761444,34071.299765906966,81600.78531516988,5736.643772761443,25080.044609685654,72609.53015894856,8991.25515622132,11.018589001924486
2025-07-02,82265.19280444397,52096.291383676755,190.35708018209513,1062.0401704130854,53158.33155408984,476.943963573514,1690.0150777886158,53786.30646146537,-627.9749073755302,-1.1813292272661928
2025-07-03,80637.14390646332,51276.45278049895,3356.239329256753,22366.228008423925,73642.68078892288,3356.2393292567535,19070.657659514334,70347.11044001329,3295.5703489095904,4.475081995392678
2025-07-04,33913.27718073571,18933.11288389277,7108.176439191421,33755.62056776319,52688.73345165596,7108.176439191424,30581.827634743244,49514.94051863601,3173.7929330199477,6.023665260300916
2025-07-05,43757.25936969696,25833.784070507987,67.318625646392,257.61682849318515,26091.40089900117,67.318625646392,257.61682849318515,26091.40089900117,0.0,0.0
2025-07-06,82514.4018849785,53994.96998986121,945.5949646855443,6512.457773926753,60507.427763787964,945.5949646855441,5210.960162551864,59205.93015241307,1301.4976113748926,2.1509716401360612
2025-07-07,84775.83093833688,55300.316354521776,0.0,0.0,55300.316354521776,0.0,0.0,55300.316354521776,0.0,0.0
2025-07-08,79576.35874949029,51576.72227563411,0.0,0.0,51576.72227563411,0.0,0.0,51576.72227563411,0.0,0.0
2025-07-09,81284.39886639689,52895.9962088609,0.0,0.0,52895.9962088609,0.0,0.0,52895.9962088609,0.0,0.0
2025-07-10,78860.14415113474,51185.47688233173,0.0,0.0,51185.47688233173,0.0,0.0,51185.47688233173,0.0,0.0
2025-07-11,41698.11478737466,24934.103143564644,281.12643662051164,1116.145427683257,26050.2485712479,281.12643662051164,1116.145427683257,26050.2485712479,0.0,0.0
2025-07-12,44188.39091552467,26353.778092063614,0.0,0.0,26353.778092063614,0.0,0.0,26353.778092063614,0.0,0.0
2025-07-13,81813.79672366269,53029.87316951295,0.0,0.0,53029.87316951295,0.0,0.0,53029.87316951295,0.0,0.0
2025-07-14,77261.56918358059,50259.24452678004,0.0,0.0,50259.24452678004,0.0,0.0,50259.24452678004,0.0,0.0
2025-07-15,76475.94482003938,49737.28982600358,0.0,0.0,49737.28982600358,0.0,0.0,49737.28982600358,0.0,0.0
2025-07-16,76638.71423184336,49677.9925502913,0.0,0.0,49677.9925502913,0.0,0.0,49677.9925502913,0.0,0.0
2025-07-17,77267.90073806109,49975.93595606936,0.0,0.0,49975.93595606936,0.0,0.0,49975.93595606936,0.0,0.0
2025-07-18,43810.47175598884,26371.563075682963,0.0,0.0,26371.563075682963,0.0,0.0,26371.563075682963,0.0,0.0
2025-07-19,42278.818867223206,25387.49394887186,0.0,0.0,25387.49394887186,0.0,0.0,25387.49394887186,0.0,0.0
2025-07-20,79673.95477267419,52005.09319126692,0.0,0.0,52005.09319126692,0.0,0.0,52005.09319126692,0.0,0.0
2025-07-21,77943.67681045298,50834.42286495836,0.0,0.0,50834.42286495836,0.0,0.0,50834.42286495836,0.0,0.0
2025-07-22,78662.78287247225,51225.368545381585,0.0,0.0,51225.368545381585,0.0,0.0,51225.368545381585,0.0,0.0
2025-07-23,79119.17985438286,51537.405258794985,0.0,0.0,51537.405258794985,0.0,0.0,51537.405258794985,0.0,0.0
2025-07-24,79592.37803094953,52026.464624433545,0.0,0.0,52026.464624433545,0.0,0.0,52026.464624433545,0.0,0.0
2025-07-25,42736.34959125539,25905.565098326602,0.0,0.0,25905.565098326602,0.0,0.0,25905.565098326602,0.0,0.0
2025-07-26,41473.410923675794,25035.375716369468,0.0,0.0,25035.375716369468,0.0,0.0,25035.375716369468,0.0,0.0
2025-07-27,79026.08914148169,50961.073123160895,195.16645248834283,966.4468973246073,51927.5200204855,195.16645248834283,966.4468973246073,51927.5200204855,0.0,0.0
2025-07-28,78341.68394189741,50800.890059962796,1600.6991586240974,10714.29237188541,61515.18243184821,1600.6991586240988,8481.172106571026,59282.062166533826,2233.1202653143846,3.630193680703827
2025-07-29,83170.3549692194,53797.136329986904,0.0,0.0,53797.136329986904,0.0,0.0,53797.136329986904,0.0,0.0
2025-07-30,81614.69621333195,53180.130030984146,0.0,0.0,53180.130030984146,0.0,0.0,53180.130030984146,0.0,0.0
2025-07-31,80065.68850769532,52274.817385914364,0.0,0.0,52274.817385914364,0.0,0.0,52274.817385914364,0.0,0.0
2025-08-01,42153.61867644539,25268.828050257674,0.0,0.0,25268.828050257674,0.0,0.0,25268.828050257674,0.0,0.0
2025-08-02,40263.46060998952,23957.58915183977,0.0,0.0,23957.58915183977,0.0,0.0,23957.58915183977,0.0,0.0
2025-08-03,72419.03336671468,46645.65207547424,2.7705129812983387,18.663560698516257,46664.31563617275,2.770512981298225,18.663560698515493,46664.31563617275,0.0,0.0
2025-08-04,68562.25434094144,44357.14705001095,359.0949929147372,2443.071226385045,46800.21827639599,446.805167702433,2391.591479075269,46748.73852908622,51.47974730977148,0.10999894702571429
2025-08-05,68856.50502654888,44354.97393009177,161.8898600815348,935.1530454752933,45290.126975567066,92.48526479657255,379.4944286158245,44734.4683587076,555.6586168594658,1.2268868602625695
2025-08-06,68297.19552185095,43813.51060888372,3266.123067360528,21858.030558167295,65671.54116705101,3247.8174878578,16375.579888124128,60189.09049700785,5482.450670043159,8.348289948148555
2025-08-07,70744.51403756428,45285.0961245436,21.905744299526987,147.6775751952612,45432.77369973886,21.905744299526873,147.67757519526043,45432.77369973886,0.0,0.0
2025-08-08,40190.93366380478,23554.968817715817,0.0,0.0,23554.968817715817,0.0,0.0,23554.968817715817,0.0,0.0
2025-08-09,38935.46104039322,22681.658062195806,137.8670556564652,583.9914281912887,23265.649490387095,137.8670556564652,583.9914281912887,23265.649490387095,0.0,0.0
2025-08-10,68441.75054369602,43758.98778786331,717.0063999162057,4866.465353804615,48625.453141667924,717.0063999162085,4241.677369311187,48000.6651571745,624.7879844934214,1.2848990479803482
2025-08-11,68489.5005625877,43890.45572885155,0.0,0.0,43890.45572885155,0.0,0.0,43890.45572885155,0.0,0.0
2025-08-12,68838.31491017672,44075.01716152828,2454.9335309348407,16515.73335290641,60590.750514434694,2454.9335309348417,13424.807484049586,57499.82464557787,3090.9258688568225,5.10131636035844
2025-08-13,70694.62169724348,45354.06058468786,0.0,0.0,45354.06058468786,0.0,0.0,45354.06058468786,0.0,0.0
2025-08-14,70082.73689020326,44834.90263005298,251.65134800748945,1611.9915313150664,46446.89416136804,251.65134800748945,1604.6240554244644,46439.526685477445,7.3674758905981435,0.015862149716624117
2025-08-15,40122.35814530957,23414.888487518754,435.25017914625727,1797.0387630930186,25211.927250611774,435.25017914625766,1489.0126171572588,24903.901104676013,308.0261459357607,1.22174771834742
2025-08-16,39617.28760151777,22997.96117393196,79.05560308065651,551.4918870906598,23549.453061022617,79.05560308065651,537.8772556274879,23535.838429559448,13.614631463169644,0.057812941251292216
2025-08-17,68174.3853181119,44166.929245731226,5.75349839203227,38.807346654257664,44205.73659238548,5.7534983920321565,38.8073466542569,44205.73659238548,0.0,0.0
2025-08-18,67329.50381914651,43606.15446588458,772.3589896433614,5301.751098084656,48907.90556396924,772.3589896433629,3926.861490763338,47533.01595664792,1374.8896073213182,2.8111807109037357
2025-08-19,68181.32068245104,44114.27678155511,87.38471118859695,589.8009924346012,44704.07777398972,87.38471118859661,589.8009924345989,44704.07777398971,7.275957614183426e-12,1.6275825330674454e-14
2025-08-20,68321.19408663546,44192.55833976147,5236.096949198104,33914.11904546409,78106.67738522556,5236.096949198102,32386.280043158316,76578.83838291978,1527.8390023057727,1.9560926843301807
2025-08-21,72736.72957733167,46489.05772120501,0.0,0.0,46489.05772120501,0.0,0.0,46489.05772120501,0.0,0.0
2025-08-22,40073.2596500713,23325.01312546498,548.2348785555089,3673.711426866945,26998.724552331925,586.5959597593978,3576.130637180839,26901.143762645817,97.58078968610789,0.3614274055686074
2025-08-23,41008.05237396648,24139.158956083294,0.0,0.0,24139.158956083294,0.0,0.0,24139.158956083294,0.0,0.0
2025-08-24,71314.50145841026,45840.753340827774,0.0,0.0,45840.753340827774,0.0,0.0,45840.753340827774,0.0,0.0
2025-08-25,69901.53712121623,45299.898259958034,3860.7918316082983,26197.766026988356,71497.66428694638,3860.7918316082987,23446.081387682345,68745.97964764037,2751.6846393060114,3.848635709640095
2025-08-26,73709.51864851543,47333.69110107244,0.0,0.0,47333.69110107244,0.0,0.0,47333.69110107244,0.0,0.0
2025-08-27,71162.804453979,46061.01685461977,0.0,0.0,46061.01685461977,0.0,0.0,46061.01685461977,0.0,0.0
2025-08-28,73048.16378909121,47029.040699207486,1585.6442383260132,10853.134822191383,57882.175521398865,1585.6442383260185,9750.046723045441,56779.087422252924,1103.0880991459417,1.9057474761606592
2025-08-29,41997.56539429361,24777.951608713935,0.0,0.0,24777.951608713935,0.0,0.0,24777.951608713935,0.0,0.0
2025-08-30,40767.888341198035,24029.132270545284,0.0,0.0,24029.132270545284,24.51056431968061,45.503862659487055,24074.63613320477,-45.50386265948691,-0.18936956252583945
2025-08-31,71592.98612904255,46142.733818426,0.0,0.0,46142.733818426,0.0,0.0,46142.733818426,0.0,0.0
2025-09-01,71111.48851097774,45994.86373738448,0.0,0.0,45994.86373738448,0.0,0.0,45994.86373738448,0.0,0.0
2025-09-02,58986.53575688573,38323.61967080345,0.0,0.0,38323.61967080345,0.0,0.0,38323.61967080345,0.0,0.0
2025-09-03,59355.82227394817,37669.82002062875,35.91323280324693,175.08204237109197,37844.90206299984,75.58878582068542,373.90858599678074,38043.72860662553,-198.82654362569156,-0.5253720654229941
2025-09-04,59838.42378142626,37578.068311355186,423.0533214934211,2931.166103668421,40509.23441502361,423.0533214934212,2863.6325899869985,40441.700901342185,67.53351368142467,0.16671140458872408
2025-09-05,40913.86658187499,24477.346856082648,0.0,0.0,24477.346856082648,0.0,0.0,24477.346856082648,0.0,0.0
2025-09-06,28216.08198286585,16339.127615164438,0.0,0.0,16339.127615164438,0.0,0.0,16339.127615164438,0.0,0.0
2025-09-07,58357.00042366127,36727.28563247604,51.074097289055544,247.6748489401782,36974.96048141622,51.074097289055814,237.33304429951477,36964.61867677556,10.341804640665941,0.02796975170768276
2025-09-08,58757.12521986291,36833.71639772989,3491.3889110159153,23302.470261748364,60136.186659478255,3491.3889110159153,17325.79421448838,54159.51061221827,5976.676047259985,9.938568404915616
2025-09-09,62781.913410099456,39150.43484545272,98.89773806754079,680.864114730538,39831.29896018326,98.89773806754079,680.864114730538,39831.29896018326,0.0,0.0
2025-09-10,60636.69969918415,38315.13111328219,3873.2830792086747,24546.47006458827,62861.601177870456,3873.2830792086725,23364.562332119873,61679.69344540206,1181.9077324683967,1.8801743995099998
2025-09-11,64801.03968215482,40671.408826385756,6.0716666666666015,40.929104999999566,40712.33793138576,6.071666666666488,40.9291049999988,40712.33793138575,7.275957614183426e-12,1.787162807119038e-14
2025-09-12,32500.701484361805,18365.504637971928,0.0,0.0,18365.504637971928,0.0,0.0,18365.504637971928,0.0,0.0
2025-09-13,30365.278648856587,16710.799686746002,228.87370121252883,1392.724704360497,18103.5243911065,228.873701212529,1383.8276996359211,18094.627386381922,8.897004724578437,0.049145152802120465
2025-09-14,61522.99846275001,38877.313992065334,2308.790719712146,15601.957104574303,54479.27109663964,2308.7907197121463,14936.089831704507,53813.40382376984,665.8672728698002,1.2222396876210626
2025-09-15,64376.695564449794,40337.068029141825,0.0,0.0,40337.068029141825,0.0,0.0,40337.068029141825,0.0,0.0
2025-09-16,62065.132198114225,39345.29344690911,508.0922640477103,3279.1584704748648,42624.45191738398,508.0922640477096,3084.585636502071,42429.879083411186,194.5728339727939,0.45648172638071904
2025-09-17,65401.796935404345,40965.402992664036,0.7873690569541623,3.582135524612961,40968.98512818865,0.7873690569548444,3.5821355246160644,40968.98512818865,0.0,0.0
2025-09-18,65393.43288813946,41090.18520494061,88.43432013447689,426.2492372801975,41516.43444222081,88.43432013447689,426.2492372801975,41516.43444222081,0.0,0.0
2025-09-19,30954.436226662772,17199.34042202001,227.22136578234236,879.5531518053572,18078.893573825368,227.22136578234213,862.3700893890048,18061.710511409015,17.183062416352186,0.09504487841683981
2025-09-20,32010.9652577379,17668.788193347897,255.24760010117248,1107.8863054609849,18776.674498808883,255.24760010117248,1107.8863054609849,18776.674498808883,0.0,0.0
2025-09-21,68174.28021736996,43049.465897321774,0.0,0.0,43049.465897321774,0.0,0.0,43049.465897321774,0.0,0.0
2025-09-22,65435.276079159725,41260.19278046796,0.0,0.0,41260.19278046796,0.0,0.0,41260.19278046796,0.0,0.0
2025-09-23,66474.60741055285,41821.09915305381,572.5486145388957,3759.910887584009,45581.01004063782,572.5486145388958,3676.1453289659376,45497.24448201975,83.76555861806992,0.1837729320683956
2025-09-24,67446.6339562724,42651.34815718742,115.41542826794573,565.0179404706122,43216.366097658036,115.41542826794573,565.0179404706122,43216.366097658036,0.0,0.0
2025-09-25,66684.51129826679,42177.55533685426,15.371666666666556,103.49743166666593,42281.05276852092,15.371666666667238,103.49743166667052,42281.05276852093,-7.275957614183426e-12,-1.7208553566576565e-14
2025-09-26,32196.27802713393,17980.20565472833,0.0,0.0,17980.20565472833,0.0,0.0,17980.20565472833,0.0,0.0
2025-09-27,31883.155486481,17524.74962150512,871.1916099224195,5238.427498185661,22763.177119690783,871.1916099224195,5142.1525434295045,22666.902164934625,96.27495475615797,0.4229416405712428
2025-09-28,70164.0869959957,44148.16394779572,5.868333333333226,39.56136916666594,44187.72531696239,5.868333333333112,39.56136916666517,44187.72531696239,0.0,0.0
2025-09-29,69249.90820969586,43644.14789167569,32.860289010722184,171.73101568921152,43815.8789073649,32.860289010722866,171.7310156892147,43815.8789073649,0.0,0.0
2025-09-30,69354.43415839782,43837.76990596934,399.32891366906216,2676.010489782124,46513.78039575146,399.3289136690621,2641.672030661267,46479.44193663061,34.33845912085235,0.07382427063268501
2025-10-01,71076.10213859248,45064.06701071475,0.0,0.0,45064.06701071475,0.0,0.0,45064.06701071475,0.0,0.0
2025-10-02,60353.34259079365,38453.668223597386,0.0,0.0,38453.668223597386,0.0,0.0,38453.668223597386,0.0,0.0
2025-10-03,31161.941846534974,17491.92985743351,0.0,0.0,17491.92985743351,0.0,0.0,17491.92985743351,0.0,0.0
2025-10-04,27590.227990565145,14607.160740620455,191.91829326241285,703.3362989322752,15310.49703955273,191.91829326241285,703.3362989322752,15310.49703955273,0.0,0.0
2025-10-05,64004.5731543609,39664.97477957771,0.0,0.0,39664.97477957771,0.0,0.0,39664.97477957771,0.0,0.0
2025-10-06,63535.02204219513,39096.83556000763,0.0,0.0,39096.83556000763,0.0,0.0,39096.83556000763,0.0,0.0
2025-10-07,64597.75169764882,39867.79754162395,0.0,0.0,39867.79754162395,0.0,0.0,39867.79754162395,0.0,0.0
2025-10-08,63801.41274036935,39610.52389790689,0.0,0.0,39610.52389790689,0.0,0.0,39610.52389790689,0.0,0.0
2025-10-09,63590.519528021934,39420.49400279311,0.0,0.0,39420.49400279311,0.0,0.0,39420.49400279311,0.0,0.0
2025-10-10,31835.13166045936,16736.679853188652,0.0,0.0,16736.679853188652,0.0,0.0,16736.679853188652,0.0,0.0
2025-10-11,31392.26064931576,16340.852357327818,0.0,0.0,16340.852357327818,0.0,0.0,16340.852357327818,0.0,0.0
2025-10-12,64773.77909863531,40460.81280419677,0.0,0.0,40460.81280419677,0.0,0.0,40460.81280419677,0.0,0.0
2025-10-13,65278.99713707224,40631.92627639395,0.0,0.0,40631.92627639395,0.0,0.0,40631.92627639395,0.0,0.0
2025-10-14,64690.55796528303,40435.40392455677,0.0,0.0,40435.40392455677,0.0,0.0,40435.40392455677,0.0,0.0
2025-10-15,65998.65784594249,41265.396781734475,0.0,0.0,41265.396781734475,0.0,0.0,41265.396781734475,0.0,0.0
2025-10-16,67291.02515610078,41963.00464905362,236.66292537925847,1579.9616294312696,43542.96627848489,236.66292537925736,1482.9220621326745,43445.926711186294,97.03956729859783,0.2228593400779548
2025-10-17,32664.611729605145,17237.742116014328,0.0,0.0,17237.742116014328,0.0,0.0,17237.742116014328,0.0,0.0
2025-10-18,32329.097924742815,17011.53974696522,0.0,0.0,17011.53974696522,0.0,0.0,17011.53974696522,0.0,0.0
2025-10-19,68851.04366661899,42975.70435903683,0.0,0.0,42975.70435903683,0.0,0.0,42975.70435903683,0.0,0.0
2025-10-20,69607.58739057384,43671.7916647862,188.42246580115756,915.7702359589715,44587.561900745175,188.42246580115756,915.7702359589715,44587.561900745175,0.0,0.0
2025-10-21,70317.21360727103,44212.84697297792,0.0,0.0,44212.84697297792,70.26547181060063,329.40453184809576,44542.25150482601,-329.40453184809303,-0.7450425711092955
2025-10-22,72191.66114108413,45226.45710223286,0.0,0.0,45226.45710223286,0.0,0.0,45226.45710223286,0.0,0.0
2025-10-23,72024.07587945442,45362.150906310286,0.0,0.0,45362.150906310286,0.0,0.0,45362.150906310286,0.0,0.0
2025-10-24,32054.19734016532,16894.138412233246,76.28095344256901,363.7084875778022,17257.846899811047,76.28095344256901,363.7084875778022,17257.846899811047,0.0,0.0
2025-10-25,33562.01945579687,17820.41399385391,0.0,0.0,17820.41399385391,0.0,0.0,17820.41399385391,0.0,0.0
2025-10-26,71125.05070200255,44645.4931508219,0.0,0.0,44645.4931508219,0.0,0.0,44645.4931508219,0.0,0.0
2025-10-27,70416.1247601665,44155.18561234682,0.0,0.0,44155.18561234682,0.0,0.0,44155.18561234682,0.0,0.0
2025-10-28,70204.8770038122,44086.730613833046,0.0,0.0,44086.730613833046,0.0,0.0,44086.730613833046,0.0,0.0
2025-10-29,71223.17371806069,44634.06074999943,1812.9532315082556,11885.862208443103,56519.922958442534,1812.9532315082552,10060.615052043202,54694.675802042635,1825.2471563998988,3.229387198107029
2025-10-30,74310.59219646291,46635.901507937524,0.0,0.0,46635.901507937524,0.0,0.0,46635.901507937524,0.0,0.0
2025-10-31,33153.06542347951,17702.683818821566,0.0,0.0,17702.683818821566,0.0,0.0,17702.683818821566,0.0,0.0
2025-11-01,33847.787375313754,18123.701634483765,0.0,0.0,18123.701634483765,0.0,0.0,18123.701634483765,0.0,0.0
2025-11-02,74999.94409274851,47144.56342312362,0.0,0.0,47144.56342312362,0.0,0.0,47144.56342312362,0.0,0.0
2025-11-03,77480.79117816739,48558.905315710916,0.0,0.0,48558.905315710916,0.0,0.0,48558.905315710916,0.0,0.0
2025-11-04,75476.36508630423,47451.22907703144,11.158787906610996,51.99611416992501,47503.22519120137,11.15878790661236,51.996114169931296,47503.225191201374,-7.275957614183426e-12,-1.531676551412575e-14
2025-11-05,75132.65026247269,47354.018411466415,0.0,0.0,47354.018411466415,0.0,0.0,47354.018411466415,0.0,0.0
2025-11-06,75322.65406891967,47486.87911130513,217.27918864148086,1043.0793182805926,48529.95842958572,217.27918864148086,1043.0793182805926,48529.95842958572,0.0,0.0
2025-11-07,34663.80780753424,18406.7798945344,122.35759841101262,666.1509880538604,19072.93088258826,122.35759841101262,666.1509880538604,19072.93088258826,0.0,0.0
2025-11-08,35109.40806848185,18609.26949870021,0.0,0.0,18609.26949870021,0.0,0.0,18609.26949870021,0.0,0.0
2025-11-09,76019.62761120152,48192.946182687,81.74129414046251,530.1367595312591,48723.082942218265,81.74129414046308,485.04350491358946,48677.989687600595,45.09325461767003,0.09255008487690952
2025-11-10,77563.29246977219,49104.268824822386,334.76276632331127,2305.7123905253156,51409.9812153477,334.76276632331155,1873.1794031660681,50977.448227988454,432.5329873592491,0.8413404890140722
2025-11-11,79741.42985114171,50478.79308395084,0.0,0.0,50478.79308395084,0.0,0.0,50478.79308395084,0.0,0.0
2025-11-12,78848.8697305606,50097.20839533693,0.0,0.0,50097.20839533693,0.0,0.0,50097.20839533693,0.0,0.0
2025-11-13,78199.02552685997,49825.90718325069,0.0,0.0,49825.90718325069,0.0,0.0,49825.90718325069,0.0,0.0
2025-11-14,34991.66104817301,18681.76486015102,0.0,0.0,18681.76486015102,0.0,0.0,18681.76486015102,0.0,0.0
2025-11-15,35115.74461972669,18834.569151764023,40.3728283804021,219.88274532617604,19054.4518970902,40.3728283804021,219.88274532617604,19054.4518970902,0.0,0.0
2025-11-16,79582.51061663104,50583.210389915155,0.0,0.0,50583.210389915155,0.0,0.0,50583.210389915155,0.0,0.0
2025-11-17,80257.40909812327,51254.96681332131,0.0,0.0,51254.96681332131,0.0,0.0,51254.96681332131,0.0,0.0
2025-11-18,79013.4942864254,50515.95541325319,0.0,0.0,50515.95541325319,0.0,0.0,50515.95541325319,0.0,0.0
2025-11-19,80499.97358558042,51068.96226402401,0.0,0.0,51068.96226402401,0.0,0.0,51068.96226402401,0.0,0.0
2025-11-20,80828.66094835059,51297.00228690919,0.0,0.0,51297.00228690919,0.0,0.0,51297.00228690919,0.0,0.0
2025-11-21,35722.33981136496,19125.088668897915,0.0,0.0,19125.088668897915,0.0,0.0,19125.088668897915,0.0,0.0
2025-11-22,35990.1528897509,19243.07485256083,0.0,0.0,19243.07485256083,0.0,0.0,19243.07485256083,0.0,0.0
2025-11-23,81100.25961560971,51539.832343690854,0.0,0.0,51539.832343690854,0.0,0.0,51539.832343690854,0.0,0.0
2025-11-24,80695.51801481291,51409.55005889613,2.9065596385026993,13.614325346746645,51423.164384242875,2.9065596385033814,13.614325346749839,51423.16438424288,-7.275957614183426e-12,-1.4149182963180172e-14
2025-11-25,80410.58905646103,51026.34967828001,7.1060121152719375,49.571540516137034,51075.921218796146,45.04737722892037,203.66538713456112,51230.01506541457,-154.0938466184234,-0.3016956776135763
2025-11-26,81272.88145735598,51538.04345576858,262.664205921716,1832.3455005098908,53370.38895627847,265.42423925504994,1475.8705391160288,53013.913994884606,356.47496139386203,0.6679264820158791
2025-11-27,82132.7925233336,52077.16721681446,0.0,0.0,52077.16721681446,0.0,0.0,52077.16721681446,0.0,0.0
2025-11-28,36844.73649452923,19720.13622022861,0.0,0.0,19720.13622022861,0.0,0.0,19720.13622022861,0.0,0.0
2025-11-29,36454.8923643599,19544.254284959912,893.847559430121,5797.975919537737,25342.23020449765,893.8475594301198,5038.732263509718,24582.98654846963,759.2436560280184,2.9959622728597526
2025-11-30,84906.49283171336,53817.99425758213,125.78813847720089,822.735424411205,54640.72968199334,125.788138477201,814.3816734559033,54632.375931038034,8.353750955306168,0.0152885054865201
2025-12-01,85818.37947441466,54594.45867172,5207.5587600950585,28045.69234480898,82640.15101652898,5207.558760095061,21256.655441099487,75851.11411281949,6789.036903709493,8.215179691953379
2025-12-02,90473.4295206927,58023.69485325774,2693.224086439075,15633.497326836008,73657.19218009374,2693.224086439076,13001.51709553038,71025.21194878811,2631.980231305628,3.5732834138862746
2025-12-03,93213.49447211417,60180.85136988297,0.0,0.0,60180.85136988297,0.0,0.0,60180.85136988297,0.0,0.0
2025-12-04,93593.36573205884,60359.02619360429,69.15581563874329,417.74599558221104,60776.7721891865,69.15581563874318,417.7459955822104,60776.7721891865,0.0,0.0
2025-12-05,39954.49873619135,21228.031189638386,4432.743761591897,25912.3811472448,47140.412336883186,4432.743761591899,20735.815097831917,41963.846287470304,5176.566049412882,10.981164128177722
2025-12-06,46382.682477904295,24466.797852195945,987.9937685730781,6237.420000682903,30704.21785287885,987.9937685730777,5365.616609469878,29832.414461665823,871.8033912130268,2.839360362118086
2025-12-07,95944.8341890116,61957.29573983064,0.0,0.0,61957.29573983064,0.0,0.0,61957.29573983064,0.0,0.0
2025-12-08,95401.89510859773,61602.101568425634,0.0,0.0,61602.101568425634,0.0,0.0,61602.101568425634,0.0,0.0
2025-12-09,94719.90115913117,61239.509197719395,6.18562099688711,35.929179560418774,61275.43837727982,6.185620996887792,35.92917956042274,61275.43837727982,0.0,0.0
2025-12-10,94559.8530494355,61142.310318117525,0.0,0.0,61142.310318117525,0.0,0.0,61142.310318117525,0.0,0.0
2025-12-11,94333.5018147536,60869.123434206165,0.0,0.0,60869.123434206165,0.0,0.0,60869.123434206165,0.0,0.0
2025-12-12,45994.11151999417,24234.274872144026,1106.8180171175848,7249.659614111187,31483.934486255213,1106.8180171175861,6616.254638012415,30850.52951015644,633.4049760987727,2.0118355168579556
2025-12-13,49157.5954384527,25911.253800063474,0.0,0.0,25911.253800063474,0.0,0.0,25911.253800063474,0.0,0.0
2025-12-14,95528.19527085539,61791.435532369374,0.0,0.0,61791.435532369374,0.0,0.0,61791.435532369374,0.0,0.0
2025-12-15,95854.97115252503,61979.08932095181,0.0,0.0,61979.08932095181,0.0,0.0,61979.08932095181,0.0,0.0
2025-12-16,95727.3607955813,61884.25190773883,0.0,0.0,61884.25190773883,0.0,0.0,61884.25190773883,0.0,0.0
2025-12-17,96116.22060331078,62060.47379511647,0.0,0.0,62060.47379511647,0.0,0.0,62060.47379511647,0.0,0.0
2025-12-18,95170.17512559384,61368.98105841949,0.0,0.0,61368.98105841949,0.0,0.0,61368.98105841949,0.0,0.0
2025-12-19,48299.756479221156,25552.010490878136,0.0,0.0,25552.010490878136,0.0,0.0,25552.010490878136,0.0,0.0
2025-12-20,48680.77968028927,25788.261574188822,0.0,0.0,25788.261574188822,0.0,0.0,25788.261574188822,0.0,0.0
2025-12-21,95007.35226337977,61431.71590284954,0.0,0.0,61431.71590284954,0.0,0.0,61431.71590284954,0.0,0.0
2025-12-22,95424.94372157508,61634.10104805032,0.0,0.0,61634.10104805032,0.0,0.0,61634.10104805032,0.0,0.0
2025-12-23,95502.75841332931,61650.02296571102,0.0,0.0,61650.02296571102,0.0,0.0,61650.02296571102,0.0,0.0
2025-12-24,94372.37824328279,60750.78345313077,0.0,0.0,60750.78345313077,0.0,0.0,60750.78345313077,0.0,0.0
2025-12-25,94206.4081497489,60780.64279674826,0.0,0.0,60780.64279674826,0.0,0.0,60780.64279674826,0.0,0.0
2025-12-26,48207.07103004098,25361.184012737962,0.0,0.0,25361.184012737962,0.0,0.0,25361.184012737962,0.0,0.0
2025-12-27,47978.457836910195,25303.189555642777,0.0,0.0,25303.189555642777,0.0,0.0,25303.189555642777,0.0,0.0
2025-12-28,94837.90060053507,61316.285235393734,8.066862955274019,47.12257995323318,61363.40781534697,8.0668629552747,47.122579953237164,61363.407815346975,-7.275957614183426e-12,-1.1857160273885102e-14
2025-12-29,93339.42004995709,60239.17439939631,0.0,0.0,60239.17439939631,0.0,0.0,60239.17439939631,0.0,0.0
2025-12-30,93110.71942670009,59636.71253194522,0.0,0.0,59636.71253194522,0.0,0.0,59636.71253194522,0.0,0.0
2025-12-31,91685.91368314897,58805.234353915745,1172.7444977007856,7976.551729121296,66781.78608303703,1172.7444977007865,6188.32172371337,64993.55607762912,1788.230005407917,2.6777211426846486
