target_date,initial_soc_kwh,objective_value,plan_energy_kwh,plan_cost_yuan,scenario_count,status,solve_seconds,highs_objective,highs_max_primal_infeasibility,highs_num_primal_infeasibilities,simplex_iterations,ipm_iterations,mip_gap,tiebreak_used,binary_fallback_used,max_balance_residual_kwh,max_soc_residual_kwh,max_simultaneous_product_kwh2,min_variable_value_kwh,min_soc_kwh,max_soc_kwh,max_charge_kwh,max_discharge_kwh,purpose
2025-02-01,6000.0,20137.436691314997,37730.7930644701,20158.93119175648,29,Optimal,0.36281989999770303,20137.436691314986,0.0,0,11608,0,,False,False,1.1368683772161603e-13,9.663381206337363e-13,0.0,0.0,1200.0,10800.0,833.3333333333334,642.3539042343359,formal_output
2025-02-02,1977.9765468653784,56801.67278247139,88842.90140492805,56725.055503597316,30,Optimal,0.7048821999997017,56801.67278247142,3.637978807091713e-12,0,13311,0,,False,False,1.0459189070388675e-11,9.094947017729282e-12,0.0,0.0,1200.0,10800.000000000004,833.3333333333334,833.3333333333334,formal_output
2025-02-03,2299.0400823946084,53695.39571161931,84376.57976392796,53602.91664636113,30,Optimal,0.7199125000006461,53695.39571161933,0.0,0,13052,0,,False,False,2.2737367544323206e-13,1.6129320101754274e-12,0.0,0.0,1200.0,10800.0,833.3333333333334,833.3333333333334,formal_output
2025-02-04,1611.8860346399783,53825.694910054604,85019.34133237842,53774.63177332767,30,Optimal,0.6354672999987088,53825.69491005464,9.427156910852207e-13,0,12961,0,,False,False,2.2737367544323206e-12,2.7284841053187847e-12,0.0,-9.427156910852207e-13,1200.0,10800.0,833.3333333333334,833.3333333333334,formal_output
2025-02-05,1255.1225470262782,54380.09686104727,85757.79705462567,54316.053126353436,30,Optimal,0.7041592999994464,54380.09686104728,2.9467628337442865e-12,0,13366,0,,False,False,6.957634468562901e-11,3.568156881073037e-11,0.0,-2.9467628337442865e-12,1200.0,10800.0,833.3333333333334,833.3333333333334,formal_output
2025-02-06,1615.186368969226,54404.37943646127,85727.73550690024,54331.004631127915,30,Optimal,0.7389844999997877,54404.379436461284,3.637978807091713e-12,0,14260,0,,False,False,1.693933882052079e-11,1.887201506178826e-11,0.0,0.0,1200.0,10800.000000000004,833.3333333333334,833.3333333333334,formal_output
2025-02-07,1687.1920962060701,21271.55166058752,40961.34187338564,21314.133285175783,30,Optimal,0.4016816999974253,21271.55166058755,2.2737367544323206e-12,0,12256,0,,False,False,2.4442670110147446e-11,1.7177370637000422e-11,0.0,-2.2737367544323206e-12,1199.9999999999998,10800.0,833.3333333333334,614.0870650812631,formal_output
2025-02-08,1979.3016303113984,19413.737686856766,37394.36895124106,19584.61880334046,30,Optimal,0.3575017000002845,19413.737686856788,8.219245284379895e-12,0,12248,0,,False,False,5.189804141991772e-11,2.0122570276726037e-11,0.0,-8.219245284379895e-12,1200.0,10800.0,833.3333333333334,701.3714672802586,formal_output
2025-02-09,1582.6109241735548,52302.2201090662,82608.02184387195,52181.6277483675,30,Optimal,0.6746225999995659,52302.22010906619,4.774847184307873e-12,0,12998,0,,False,False,4.274625098332763e-11,7.003109203651547e-11,0.0,0.0,1199.9999999999952,10800.0,833.3333333333334,833.3333333333334,formal_output
2025-02-10,1322.32959897302,52863.22653237533,83816.18929453313,52803.80176121382,30,Optimal,0.6885301000002073,52863.22653237533,3.637978807091713e-12,0,13222,0,,False,False,8.185452315956354e-12,7.325695605686633e-12,0.0,-3.637978807091713e-12,1200.0,10800.0,833.3333333333334,833.3333333333334,formal_output
2025-02-11,1457.5449478164726,50917.65075854152,81073.6521390854,50833.17220066652,30,Optimal,0.6199727999992319,50917.65075854151,0.0,0,13076,0,,False,False,9.265477274311706e-12,4.149569576838985e-12,0.0,0.0,1200.0,10800.0,833.3333333333334,833.3333333333334,formal_output
2025-02-12,1554.1861784495748,50464.43480194789,80250.74902118644,50378.41552754404,30,Optimal,0.7293320999997377,50464.43480194789,1.9913404258886658e-11,0,13167,0,,False,False,3.9335645851679146e-11,4.329192559993089e-11,0.0,-1.9913404258886658e-11,1200.0,10800.000000000004,833.3333333333334,833.3333333333334,formal_output
2025-02-13,1310.5235573891555,50284.05738293478,79919.40811765377,50199.92644809779,30,Optimal,0.5796573000006902,50284.057382934785,3.387867764104158e-11,0,12935,0,,False,False,1.7499246496299747e-10,8.776623872108757e-11,0.0,-3.387867764104158e-11,1200.0,10800.0,833.3333333333334,833.3333333333334,formal_output
2025-02-14,1754.774466799533,17921.981204722542,34856.372840572134,18144.135174073934,30,Optimal,0.28215760000239243,17921.98120472253,0.0,0,11372,0,,False,False,9.094947017729282e-12,9.094947017729282e-12,0.0,0.0,1200.0,10800.0,833.3333333333334,565.5794164095905,formal_output
2025-02-15,1367.0223426087923,18160.915946901077,35319.63116600033,18393.671860462935,30,Optimal,0.3263294999997015,18160.91594690107,0.0,0,11536,0,,False,False,2.7426949600339867e-12,1.6547874182037958e-12,0.0,0.0,1200.0,10800.0,833.3333333333334,595.2673683901428,formal_output
2025-02-16,1200.0,49490.28484689963,79642.46153624976,49571.10180944511,30,Optimal,0.5749131999982637,49490.28484689961,4.729372449219227e-11,0,12551,0,,False,False,4.206412995699793e-11,4.729372449219227e-11,0.0,-1.6213708016791355e-12,1199.99999999998,10800.000000000047,833.3333333333334,833.3333333333334,formal_output
2025-02-17,1258.5672279249875,50207.53897369783,80772.7821380537,50364.03287581942,30,Optimal,0.7563435999982175,50207.53897369782,3.735411979732816e-12,0,13146,0,,False,False,2.808064891723916e-11,4.092726157978177e-11,0.0,-3.735411979732816e-12,1200.0,10800.0,833.3333333333334,833.3333333333334,formal_output
2025-02-18,1386.262040646897,48389.37725941645,78194.2647597503,48528.74863159085,30,Optimal,0.9102886999971815,48389.37725941646,8.29913915367797e-12,0,13922,0,,False,False,2.5909230316756293e-10,3.773390488959194e-10,0.0,-8.29913915367797e-12,1200.0,10800.000000000002,833.3333333333334,833.3333333333334,formal_output
2025-02-19,1728.0256544505658,47876.35588102469,77371.74370305883,48021.38666724097,30,Optimal,1.0018692999983614,47876.35588102471,7.275957614183421e-12,0,12885,0,,False,False,1.2732925824820995e-11,7.912603905424476e-11,0.0,-7.275957614183421e-12,1200.0,10800.0,833.3333333333334,833.3333333333334,formal_output
2025-02-20,1200.0,48333.03387581686,78008.29299027365,48496.95927493018,30,Optimal,0.96252000000095,48333.03387581685,1.8189894035458565e-12,0,13293,0,,False,False,3.296918293926865e-12,7.073452934491797e-12,0.0,0.0,1200.0,10800.000000000002,833.3333333333334,833.3333333333334,formal_output
2025-02-21,1893.3741969833422,17296.610301144585,33915.5945079082,17651.024007438595,30,Optimal,0.4346848000022874,17296.610301144574,9.947598300641403e-12,0,11103,0,,False,False,1.4438228390645236e-11,1.332978172285948e-11,0.0,-9.947598300641403e-12,1200.0,10800.0,833.3333333333334,583.6529856579972,formal_output
2025-02-22,1727.9309887030283,17150.30479054157,33962.13944342985,17510.946202021005,30,Optimal,0.4468722000019625,17150.304790541566,0.0,0,11161,0,,False,False,4.843236922624783e-12,1.1937117960769683e-12,0.0,0.0,1200.0,10800.0,833.3333333333334,577.1228632472946,formal_output
2025-02-23,1316.4443664725834,48188.49477542317,77634.22874983485,48301.00737361354,30,Optimal,0.7391071999991254,48188.49477542317,0.0,0,12574,0,,False,False,2.3874235921539366e-12,2.5011104298755527e-12,0.0,0.0,1200.0,10800.0,833.3333333333334,833.3333333333334,formal_output
2025-02-24,1563.1065018886434,47652.49720671563,76884.27412925,47743.83758135723,30,Optimal,0.779811399999744,47652.49720671564,0.0,0,12921,0,,False,False,1.5388801344329295e-11,1.3940848475613166e-11,0.0,0.0,1200.0,10800.0,833.3333333333334,833.3333333333334,formal_output
2025-02-25,1419.360362276705,46340.20284203293,75026.78297576922,46463.583136184854,30,Optimal,0.8908349000012095,46340.202842032915,0.0,0,12630,0,,False,False,1.716671249596402e-11,1.564409712884185e-11,0.0,0.0,1200.0,10800.0,833.3333333333334,833.3333333333334,formal_output
2025-02-26,1590.8407697053487,44380.389701734304,71715.28979439044,44345.28030163476,30,Optimal,0.5812756000013906,44380.389701734326,9.293660145847727e-12,0,12486,0,,False,False,4.709500844857217e-11,1.3541390231353034e-11,0.0,-9.293660145847727e-12,1200.0,10800.0,833.3333333333334,833.3333333333334,formal_output
2025-02-27,1473.051426075913,44781.93345100927,72772.43435347463,44894.89863228917,30,Optimal,0.6257826999972167,44781.933451009245,0.0,0,12798,0,,False,False,4.092726157978177e-12,6.821210263296962e-12,0.0,0.0,1200.0,10800.0,833.3333333333334,833.3333333333334,formal_output
2025-02-28,1825.1257219370696,16815.845839155096,33110.304998237756,17192.970138957087,30,Optimal,0.33471609999833163,16815.84583915509,0.0,0,11527,0,,False,False,1.1368683772161603e-13,1.3518075547835906e-12,0.0,0.0,1200.0,10800.0,833.3333333333334,833.3333333333334,formal_output
2025-03-01,1749.9614262589596,16685.379853316415,32844.13037125164,17055.31124804454,30,Optimal,0.3024428999997326,16685.37985331641,0.0,0,11355,0,,False,False,9.094947017729282e-13,2.426503442620742e-12,0.0,0.0,1200.0,10800.0,833.3333333333334,562.4486114483469,formal_output
2025-03-02,1200.0,47059.36524523685,76091.64164616354,47282.023312784426,30,Optimal; tiebreak=Optimal,1.8948700000000827,1169628.144027651,3.4300007845047497e-13,0,12707,0,,True,False,6.0325078266032506e-12,7.581490990560269e-12,0.0,-3.4300007845047497e-13,1200.0,10800.0,833.3333333333334,833.3333333333334,formal_output
2025-03-03,1299.0504098677577,47797.743089830125,77094.03604490258,47794.99663474061,30,Optimal; tiebreak=Optimal,1.9071140000014566,1221958.4682410185,1.8189894035458565e-12,0,13495,0,,True,False,9.417817636858672e-10,8.476490620523691e-10,0.0,-1.8189894035458565e-12,1200.0,10800.0,833.3333333333334,833.3333333333334,formal_output
2025-03-04,1308.9674154298423,48533.54252258068,77924.02758793329,48528.28387374028,30,Optimal,0.6628577000010409,48533.542522580705,1.8189894035458565e-12,0,12911,0,,False,False,2.05773176276125e-11,1.3642420526593924e-11,0.0,0.0,1200.0,10800.000000000002,833.3333333333334,833.3333333333334,formal_output
2025-03-05,1686.1200303851124,47169.760738882,76098.6398015627,47157.40846821433,30,Optimal,0.7332260999974096,47169.760738882025,1.0913936421275139e-11,0,13234,0,,False,False,2.0793322619283572e-10,1.8794923950515852e-10,0.0,-5.468958619303553e-13,1200.0,10800.000000000011,833.3333333333334,833.3333333333334,formal_output
2025-03-06,1701.5193395919318,45315.30850897826,73355.88910740941,45290.934590836856,30,Optimal,0.7174591000002692,45315.30850897826,1.687538997430238e-14,0,13299,0,,False,False,6.127720553195104e-11,6.798472895752639e-11,0.0,-1.687538997430238e-14,1200.0,10800.0,833.3333333333334,833.3333333333334,formal_output
2025-03-07,1640.209353408684,16203.945786203147,31805.74230792424,16590.163878670966,30,Optimal,0.275268600002164,16203.945786203143,0.0,0,11151,0,,False,False,1.5404566511278972e-11,1.7053025658242404e-11,0.0,0.0,1200.0,10800.0,833.3333333333334,543.2430276493405,formal_output
2025-03-08,1842.8238401665938,15454.630811751369,30275.85345356092,15854.601765328223,30,Optimal,0.311897499999759,15454.630811751373,0.0,0,11372,0,,False,False,1.1368683772161603e-13,9.094947017729282e-13,0.0,0.0,1200.0,10800.0,833.3333333333334,633.3366114843252,formal_output
2025-03-09,1489.771393899002,43523.88768834778,70799.41646384323,43497.53846885903,30,Optimal,0.5998285000023316,43523.887688347764,1.9348664025425704e-12,0,12800,0,,False,False,1.1243628250667825e-10,1.2086154299595364e-10,0.0,-1.9348664025425704e-12,1199.999999999999,10800.0,833.3333333333334,833.3333333333334,formal_output
2025-03-10,1607.7073682937537,42748.778803355184,69481.54144840737,42759.571837192954,30,Optimal,0.5453981999999087,42748.778803355184,2.9558577807620168e-12,0,12890,0,,False,False,1.2278178473934531e-11,1.0540901485001086e-11,0.0,-2.9558577807620168e-12,1200.0,10800.0,833.3333333333334,833.3333333333334,formal_output
2025-03-11,1258.5095902798475,44077.35733468672,71923.96009655239,43945.19788044579,30,Optimal,0.6107916999972076,44077.357334686734,4.491331860607053e-12,0,13281,0,,False,False,3.518607627484016e-10,4.218918547849171e-10,0.0,-4.491331860607053e-12,1200.0,10800.0,833.3333333333334,833.3333333333334,formal_output
2025-03-12,1732.3815665859142,43023.33472727241,69918.637016345,42834.61048489991,30,Optimal,0.5364718999990146,43023.33472727242,2.9103830456733704e-11,0,12493,0,,False,False,1.9804247131105512e-10,2.2451907000231586e-10,0.0,-8.225765747561633e-12,1199.999999999971,10800.0,833.3333333333334,833.3333333333334,formal_output
2025-03-13,1224.3447059200412,42582.18405957583,69407.40892508594,42411.942731159645,30,Optimal,0.5623445999990508,42582.184059575855,1.8189894035458565e-12,0,12442,0,,False,False,1.9872459233738482e-10,9.640643838793039e-11,0.0,-1.8189894035458565e-12,1200.0,10800.0,833.3333333333334,833.3333333333334,formal_output
2025-03-14,1552.7756455137937,15259.488182318839,30047.082869520076,15686.620681271812,30,Optimal,0.2918929000006756,15259.488182318843,0.0,0,11240,0,,False,False,1.3642420526593924e-12,1.8189894035458565e-12,0.0,0.0,1200.0,10800.0,833.3333333333334,520.5952621412757,formal_output
2025-03-15,1846.8198777846608,14982.994525722055,29508.900315677813,15400.927546911877,30,Optimal,0.2909495000021707,14982.99452572206,0.0,0,11022,0,,False,False,1.1368683772161603e-13,9.663381206337363e-13,0.0,0.0,1200.0,10800.0,833.3333333333334,670.2588253693675,formal_output
2025-03-16,1200.0,44008.59857218768,71653.85802613203,43716.75227318395,30,Optimal,0.5243360000022221,44008.59857218769,1.3096723705530165e-11,0,13631,0,,False,False,5.502442945726216e-11,1.5769785477459664e-10,0.0,-1.3096723705530165e-11,1199.9999999999993,10800.0,833.3333333333334,833.3333333333334,formal_output
2025-03-17,1811.017851065716,42684.93930688923,69244.32736370646,42350.1502338913,30,Optimal,0.6291951999992307,42684.939306889246,6.821210263296962e-13,0,13604,0,,False,False,1.3994849723530933e-10,1.255102688446641e-10,0.0,-6.821210263296962e-13,1200.0,10800.0,833.3333333333334,833.3333333333334,formal_output
2025-03-18,1862.912227427922,40404.76407334662,65858.636148141,40165.51119637779,30,Optimal,0.5882858000004489,40404.76407334666,4.030553668599168e-12,0,12341,0,,False,False,1.6626700016786344e-11,8.334666290465975e-12,0.0,-4.030553668599168e-12,1200.0,10800.000000000002,833.3333333333334,833.3333333333334,formal_output
2025-03-19,1793.581659376791,40380.233924695196,65562.59781403941,40164.37647087855,30,Optimal,0.49735859999782406,40380.2339246952,7.275957614183426e-12,0,12155,0,,False,False,4.718003765447065e-11,4.168199119192195e-11,0.0,-7.275957614183426e-12,1200.0,10800.000000000002,833.3333333333334,833.3333333333334,formal_output
2025-03-20,1811.4496595666053,39847.47524415775,64654.29461316705,39664.274141232585,30,Optimal,0.5256571999998414,39847.475244157766,6.4641625385775114e-12,0,12903,0,,False,False,4.46789272245951e-11,4.9112713895738125e-11,0.0,-6.4641625385775114e-12,1200.0,10800.0,833.3333333333334,833.3333333333334,formal_output
2025-03-21,1638.6474396317642,15021.441614115349,29623.621457563757,15387.057937519514,30,Optimal,0.3016511999994691,15021.441614115354,0.0,0,11391,0,,False,False,3.694822225952521e-13,2.2506441155201173e-12,0.0,0.0,1200.0,10800.0,833.3333333333334,833.3333333333334,formal_output
2025-03-22,1866.1115183635359,14596.67236113578,29059.698727755633,14985.716977229897,30,Optimal,0.27459269999963,14596.672361135777,0.0,0,11101,0,,False,False,7.958078640513122e-13,1.1999290450148692e-12,0.0,0.0,1200.0,10800.0,833.3333333333334,833.3333333333334,formal_output
2025-03-23,1553.1801751323658,40516.74029425031,65989.08145463407,40344.84374253884,30,Optimal,0.62078929999916,40516.74029425034,9.094947017729282e-13,0,12936,0,,False,False,1.1755219020415097e-10,1.4516388091578847e-10,0.0,0.0,1199.999999999999,10800.0,833.3333333333334,833.3333333333334,formal_output
2025-03-24,1384.6554362886206,39761.884079372634,64984.56734215435,39660.25500522154,30,Optimal; tiebreak=Optimal,1.738139900000533,1082634.1959096696,0.0,0,13307,0,,True,False,2.0327206584624946e-10,3.495870259939693e-12,0.0,0.0,1200.0,10800.0,833.3333333333334,833.3333333333334,formal_output
2025-03-25,1573.5552794914202,39375.67027897447,64194.21372223778,39214.217196713405,30,Optimal,0.559329700001399,39375.67027897451,1.1368683772161603e-12,0,12989,0,,False,False,1.330456578241268e-11,1.3528733688872308e-11,0.0,0.0,1199.9999999999989,10800.0,833.3333333333334,833.3333333333334,formal_output
2025-03-26,1352.8614574945987,40118.20131971286,65592.00609206645,40012.10007994709,30,Optimal,0.5216426000006322,40118.20131971289,2.592059900052846e-13,0,12726,0,,False,False,3.5697667044587433e-11,3.111511048814464e-11,0.0,-2.592059900052846e-13,1200.0,10800.0,833.3333333333334,833.3333333333334,formal_output
2025-03-27,1705.5816693299305,38477.50743008637,62830.89618608748,38339.499436790924,30,Optimal,0.48270819999743253,38477.5074300864,0.0,0,12847,0,,False,False,3.001332515850663e-11,1.0913936421275139e-11,0.0,0.0,1200.0,10800.0,833.3333333333334,833.3333333333334,formal_output
2025-03-28,1551.8008191728659,14407.897576874624,28937.986639874678,14798.402827198921,30,Optimal,0.31636270000308286,14407.897576874622,0.0,0,11720,0,,False,False,8.100187187665142e-13,1.0231815394945443e-12,0.0,0.0,1200.0,10800.0,833.3333333333334,667.9916116457781,formal_output
2025-03-29,2000.358543184159,13892.887375383092,28046.75336021422,14293.696147090612,30,Optimal,0.28652040000088164,13892.8873753831,0.0,0,11153,0,,False,False,1.1368683772161603e-13,9.663381206337363e-13,0.0,0.0,1200.0,10800.0,833.3333333333334,833.3333333333334,formal_output
2025-03-30,1231.6434884332882,37390.86260419634,61400.42865994359,37258.138082757054,30,Optimal,0.4507765999987896,37390.86260419633,0.0,0,13077,0,,False,False,4.888534022029489e-12,4.447997525858227e-12,0.0,0.0,1200.0,10800.0,833.3333333333334,824.1680374728315,formal_output
2025-03-31,1708.333053345889,36860.95867228086,60451.021756740156,36651.41891209381,30,Optimal,0.45893210000213003,36860.958672280896,0.0,0,12919,0,,False,False,5.7980287238024175e-12,1.1141310096718371e-11,0.0,0.0,1200.0,10800.0,833.3333333333334,814.6580314100979,formal_output
2025-04-01,1554.2203382405544,37242.72732510138,61504.51018594399,37151.90198953044,30,Optimal,0.5030881999991834,37242.72732510142,9.059419880941277e-14,0,12951,0,,False,False,1.0800249583553523e-11,5.002220859751105e-12,0.0,-9.059419880941277e-14,1200.0,10800.0,833.3333333333334,833.3333333333334,formal_output
2025-04-02,1422.1553997438932,38812.3136577175,64406.13044064522,38574.15599938299,30,Optimal,0.5381048000017472,38812.31365771753,2.864908310584724e-12,0,13130,0,,False,False,6.295408638834488e-12,4.064304448547773e-12,0.0,-2.864908310584724e-12,1199.9999999999977,10800.0,833.3333333333334,817.2373442840047,formal_output
2025-04-03,1509.895363707215,39871.07283640018,65578.51095344039,39429.57659527777,30,Optimal,0.5228201999998419,39871.07283640019,1.935251958684603e-12,0,12906,0,,False,False,5.1016968427575193e-11,6.548361852765083e-11,0.0,-1.935251958684603e-12,1200.0,10800.0,833.3333333333334,833.2271991255234,formal_output
2025-04-04,1616.943664614483,13825.391786913751,28124.275416246597,14212.58930176586,30,Optimal,0.2993105999994441,13825.391786913755,0.0,0,11543,0,,False,False,1.1368683772161603e-13,9.094947017729282e-13,0.0,0.0,1200.0,10800.0,833.3333333333334,672.9715471394559,formal_output
2025-04-05,2032.3446288944624,13305.588253494365,27269.411555280385,13733.906442670588,30,Optimal; tiebreak=Optimal,1.0965986000010162,754521.3601168938,0.0,0,11897,0,,True,False,1.1368683772161603e-13,1.5916157281026244e-12,0.0,0.0,1200.0,10800.0,833.3333333333334,553.6120491934238,formal_output
2025-04-06,1200.0,38009.617144877586,62264.24034883361,37685.25496302669,30,Optimal,0.5266917000008107,38009.61714487761,6.821210263296962e-13,0,12862,0,,False,False,1.8985701899509877e-11,3.603872755775228e-11,0.0,0.0,1199.9999999999993,10800.0,833.3333333333334,819.6023342012375,formal_output
2025-04-07,1846.57228571848,36962.44183022006,60515.23046268814,36665.61243248733,30,Optimal,0.4837182000010216,36962.44183022005,0.0,0,13352,0,,False,False,3.126388037344441e-12,1.0558665053395089e-11,0.0,0.0,1200.0,10800.0,833.3333333333334,822.3354252491675,formal_output
2025-04-08,1829.2614138301478,36355.383397768,60071.187048907974,36097.22538252303,30,Optimal,0.47349670000039623,36355.383397768004,2.2737367544323206e-13,0,12736,0,,False,False,6.707523425575346e-12,3.602451670303708e-12,0.0,0.0,1199.9999999999998,10800.0,833.3333333333334,805.5234773954916,formal_output
2025-04-09,1410.1017029259049,36944.23354386018,60335.19096791329,36654.781237434,30,Optimal,0.6163830999976199,36944.23354386019,0.0,0,14299,0,,False,False,5.002220859751105e-12,1.0913936421275139e-11,0.0,0.0,1200.0,10800.0,833.3333333333334,800.3927948440701,formal_output
2025-04-10,1501.7348058863354,38406.531540856595,63021.81499512291,38081.50595836967,30,Optimal,0.5338493000017479,38406.53154085661,1.3642420526593924e-12,0,14566,0,,False,False,1.864464138634503e-11,7.048583938740194e-12,0.0,0.0,1199.9999999999986,10800.0,833.3333333333334,797.1601934177133,formal_output
2025-04-11,1976.050860934735,13600.737103459991,27583.867889197834,14008.74536419812,30,Optimal,0.3216381000020192,13600.737103460004,0.0,0,11539,0,,False,False,1.1368683772161603e-13,9.094947017729282e-13,0.0,0.0,1200.0,10800.0,833.3333333333334,674.894951262785,formal_output
2025-04-12,2015.5012767370915,13230.597136487004,27153.150048853324,13665.75853709417,30,Optimal,0.2969599999996717,13230.597136487002,0.0,0,11395,0,,False,False,1.1368683772161603e-13,9.663381206337363e-13,0.0,0.0,1200.0,10800.0,833.3333333333334,672.3003669391315,formal_output
2025-04-13,1663.2997834251357,36089.93287405606,59384.873368206274,35846.255360161886,30,Optimal,0.5284934000010253,36089.932874056045,0.0,0,13064,0,,False,False,1.2732925824820995e-11,1.1027623258996755e-11,0.0,0.0,1200.0,10800.0,833.3333333333334,797.337944238667,formal_output
2025-04-14,1997.2795404253989,36002.87669202674,59305.45489483388,35753.58384302264,30,Optimal,0.5589053000003332,36002.87669202672,2.2737367544323206e-13,0,13789,0,,False,False,7.474909580196254e-12,8.185452315956354e-12,0.0,-2.2737367544323206e-13,1200.0,10800.0,833.3333333333334,806.8721871387908,formal_output
2025-04-15,1805.0558208404211,35511.785082627735,58641.00464328479,35139.70021157527,30,Optimal,0.516424299999926,35511.785082627684,1.8189894035458565e-12,0,13003,0,,False,False,3.069544618483633e-12,4.547473508864641e-12,0.0,0.0,1200.0,10800.000000000002,833.3333333333334,794.0636506202679,formal_output
2025-04-16,1468.3516862829078,34711.514869631596,57093.926473675834,34481.25581096139,30,Optimal,0.4992275000004156,34711.51486963159,1.8185453143360064e-13,0,12837,0,,False,False,2.0804691303055733e-11,2.2282620193436742e-11,0.0,-1.8185453143360064e-13,1200.0,10800.0,833.3333333333334,798.6761689821071,formal_output
2025-04-17,1200.0,36261.30899722273,60124.06415203615,35937.973833251854,30,Optimal,0.44710850000046776,36261.3089972227,0.0,0,12597,0,,False,False,6.366462912410498e-12,3.637978807091713e-11,0.0,0.0,1200.0,10800.0,833.3333333333334,786.9145971124996,formal_output
2025-04-18,1826.9414278464176,12897.033401555194,26532.878544729654,13295.117892992563,30,Optimal,0.3196042999989004,12897.033401555196,0.0,0,11548,0,,False,False,1.1368683772161603e-13,9.663381206337363e-13,0.0,0.0,1200.0,10800.0,833.3333333333334,670.4116827767212,formal_output
2025-04-19,2303.802855644276,12215.156086155772,25376.31303482921,12615.446844719116,30,Optimal,0.2610841000023356,12215.156086155775,0.0,0,10661,0,,False,False,1.1368683772161603e-13,1.0729195309977513e-12,0.0,0.0,1200.0,10800.0,833.3333333333334,833.3333333333334,formal_output
2025-04-20,1473.3903210430951,35410.55349819417,58243.12722762018,34953.47197316668,30,Optimal,0.5303148999992118,35410.55349819417,0.0,0,13130,0,,False,False,3.751665644813329e-12,5.9685589803848416e-12,0.0,0.0,1200.0,10800.0,833.3333333333334,795.5293970560978,formal_output
2025-04-21,1867.238050128408,34939.73347911808,57575.30006285547,34416.93759987049,30,Optimal; tiebreak=Optimal,1.6418094000000565,1077314.2257085284,0.0,0,13489,0,,True,False,2.5011104298755527e-12,2.8421709430404007e-12,0.0,0.0,1200.0,10800.0,833.3333333333334,782.0625706473647,formal_output
2025-04-22,1311.3802797184703,33934.08970019028,55751.518931074206,33432.60423826479,30,Optimal; tiebreak=Optimal,1.5661900999984937,1068459.7415050513,0.0,0,13512,0,,True,False,4.14801526460451e-12,1.2732925824820995e-11,0.0,0.0,1200.0,10800.0,833.3333333333334,782.9380654880833,formal_output
2025-04-23,1347.1920323761515,34350.7952710605,56941.654527916864,33986.86843079994,30,Optimal,0.44056069999714964,34350.79527106048,0.0,0,12593,0,,False,False,2.0463630789890885e-12,3.637978807091713e-12,0.0,0.0,1200.0,10800.0,833.3333333333334,781.9884623802502,formal_output
2025-04-24,1848.751991251821,33967.735837117296,56418.962493256826,33628.283994999016,30,Optimal,0.4993897999993351,33967.73583711729,1.8189894035458565e-12,0,12800,0,,False,False,5.3887561080046e-11,4.865796654485166e-11,0.0,-1.8189894035458565e-12,1200.0,10800.0,833.3333333333334,783.0711527053213,formal_output
2025-04-25,1749.0439909930187,11831.855745808629,25001.921043954597,12214.535637460653,30,Optimal,0.2615676999994321,11831.855745808632,0.0,0,10693,0,,False,False,1.1368683772161603e-13,9.663381206337363e-13,0.0,0.0,1200.0,10800.0,833.3333333333334,673.7927468369768,formal_output
2025-04-26,1533.4910339599496,11904.101917176458,25064.054815892032,12286.662487239948,30,Optimal,0.25961020000249846,11904.101917176456,0.0,0,10694,0,,False,False,1.1368683772161603e-13,9.663381206337363e-13,0.0,0.0,1200.0,10800.0,833.3333333333334,833.3333333333334,formal_output
2025-04-27,1200.0,32287.20768585174,52598.627057231206,31892.987774714325,30,Optimal,0.42960800000219024,32287.20768585174,0.0,0,12779,0,,False,False,1.1368683772161603e-13,1.0231815394945443e-12,0.0,0.0,1200.0,10800.0,833.3333333333334,774.3997737640764,formal_output
2025-04-28,1487.9907491515285,32871.62396928012,53613.17057626124,32557.664994327257,30,Optimal,0.4318027000008442,32871.62396928014,0.0,0,13148,0,,False,False,1.1368683772161603e-13,1.0231815394945443e-12,0.0,0.0,1200.0,10800.0,833.3333333333334,780.3102217021653,formal_output
2025-04-29,1474.9063731495016,36020.81872878088,58721.694215784286,35141.02258216259,30,Optimal,0.45467160000043805,36020.818728780876,0.0,0,12703,0,,False,False,5.945821612840518e-11,3.996723785260059e-11,0.0,0.0,1200.0,10800.0,833.3333333333334,783.6087164651009,formal_output
2025-04-30,1756.0177352331111,34572.39201587114,55992.34959223713,33820.68213648545,30,Optimal,0.5169879999994009,34572.3920158711,6.821210263296962e-13,0,13261,0,,False,False,1.1311840353300795e-10,1.255102688446641e-10,0.0,0.0,1199.9999999999993,10800.0,833.3333333333334,792.3478832615308,formal_output
2025-05-01,1636.3885641722138,33825.884518683255,55431.99735638856,33154.2295580064,30,Optimal,0.4960973000015656,33825.88451868327,0.0,0,12553,0,,False,False,5.115907697472721e-12,5.38946665074036e-12,0.0,0.0,1200.0,10800.0,833.3333333333334,793.0768831058756,formal_output
2025-05-02,1468.197719299509,12648.499528676568,25806.383605723742,12698.185282338676,30,Optimal,0.2539459999970859,12648.49952867657,0.0,0,10887,0,,False,False,1.1368683772161603e-13,9.094947017729282e-13,-0.0,0.0,1200.0,10800.0,833.3333333333334,674.5897282784804,formal_output
2025-05-03,1200.0,15538.709826255421,29011.090296839422,15267.784855181506,30,Optimal,0.27197979999982635,15538.709826255434,0.0,0,11166,0,,False,False,1.1368683772161603e-13,1.0231815394945443e-12,0.0,0.0,1200.0,10800.0,833.3333333333334,672.9104829363175,formal_output
2025-05-04,1510.036150291084,38428.66554086841,60096.68415478461,36840.0455625857,30,Optimal,0.40357610000137356,38428.665540868424,1.6370904631912707e-12,0,12321,0,,False,False,1.6370904631912708e-11,2.531308496145357e-11,0.0,-1.6370904631912707e-12,1200.0,10800.0,833.3333333333334,833.3333333333334,formal_output
2025-05-05,1350.6247768740889,38816.85269079898,60349.39438088176,37300.14910176468,30,Optimal,0.45278010000038194,38816.85269079898,6.5834854714562376e-12,0,12053,0,,False,False,2.8194335754960775e-11,2.6350477355663315e-11,0.0,-6.5834854714562376e-12,1200.0,10800.000000000002,833.3333333333334,833.3333333333334,formal_output
2025-05-06,2207.9701576675025,38676.43201980389,59406.782384539125,36979.11908765926,30,Optimal,0.4619530999989365,38676.432019803906,0.0,0,12421,0,,False,False,2.2737367544323206e-13,2.0463630789890885e-12,0.0,0.0,1200.0,10800.0,833.3333333333334,833.3333333333334,formal_output
2025-05-07,2402.471304444701,38214.163954487085,58459.469039912874,36457.59760272199,30,Optimal,0.5111024999969231,38214.1639544871,0.0,0,13082,0,,False,False,2.2737367544323206e-13,9.094947017729282e-13,0.0,0.0,1200.0,10800.0,833.3333333333334,833.3333333333334,formal_output
2025-05-08,1796.6729671231633,39573.03444700015,60504.416163480506,37830.08570081865,30,Optimal,0.5209807999999612,39573.034447000144,1.0103917702508625e-11,0,13287,0,,False,False,1.447233444196172e-10,1.3028511602897197e-10,0.0,-1.0103917702508625e-11,1200.0,10800.0,833.3333333333334,833.3333333333334,formal_output
2025-05-09,2725.784364796087,14437.865837289388,26751.023448619555,14127.302182398797,30,Optimal,0.24904500000047847,14437.865837289377,0.0,0,10296,0,,False,False,1.1368683772161603e-13,1.0231815394945443e-12,0.0,0.0,1200.0,10800.0,833.3333333333334,833.3333333333334,formal_output
2025-05-10,2172.3461333614882,15111.80665875732,27606.438623890812,14797.644043949862,30,Optimal,0.2665020000022196,15111.806658757314,0.0,0,10487,0,,False,False,1.1368683772161603e-13,1.0231815394945443e-12,0.0,0.0,1200.0,10800.0,833.3333333333334,833.3333333333334,formal_output
2025-05-11,1651.1315961300702,40770.32161716055,63388.54085614597,39203.58350788692,30,Optimal,0.5990745999988576,40770.32161716059,0.0,0,12846,0,,False,False,1.511324398961733e-11,1.2732925824820995e-11,0.0,0.0,1200.0,10800.0,833.3333333333334,833.3333333333334,formal_output
2025-05-12,2691.289763191762,39780.85349124845,61428.47603390693,38250.61807075082,30,Optimal,0.4923241999968013,39780.8534912485,0.0,0,12415,0,,False,False,4.547473508864641e-13,1.0231815394945443e-12,0.0,0.0,1200.0,10800.0,833.3333333333334,833.3333333333334,formal_output
2025-05-13,3249.8176999230927,37811.09654003542,58311.49941723877,36459.830110274044,30,Optimal,0.5018614000000525,37811.096540035454,0.0,0,12139,0,,False,False,2.2737367544323206e-13,9.094947017729282e-13,0.0,0.0,1200.0,10800.0,833.3333333333334,833.3333333333334,formal_output
2025-05-14,2828.7775818466066,37471.46748594627,57957.81246044844,36116.58556440723,30,Optimal,0.4257159999979194,37471.46748594631,0.0,0,12203,0,,False,False,2.2737367544323206e-13,9.094947017729282e-13,0.0,0.0,1200.0,10800.0,833.3333333333334,833.3333333333334,formal_output
2025-05-15,2498.241263052872,37349.295671564876,57886.200938497524,35937.73124011273,30,Optimal,0.4536523999995552,37349.29567156491,0.0,0,12177,0,,False,False,2.2737367544323206e-13,9.094947017729282e-13,0.0,0.0,1200.0,10800.0,833.3333333333334,833.3333333333334,formal_output
2025-05-16,2848.7504407994343,14588.673978930543,26726.979457456524,14309.584892988078,30,Optimal,0.24628389999998035,14588.67397893053,0.0,0,10222,0,,False,False,1.1368683772161603e-13,1.0231815394945443e-12,0.0,0.0,1200.0,10800.0,833.3333333333334,833.3333333333334,formal_output
2025-05-17,2351.054901270161,14424.31747673952,26767.476805527986,14160.288963726214,30,Optimal,0.27400499999930616,14424.317476739512,0.0,0,10455,0,,False,False,1.1368683772161603e-13,1.0231815394945443e-12,0.0,0.0,1200.0,10800.0,833.3333333333334,833.3333333333334,formal_output
2025-05-18,1598.5370133784904,38048.974274100176,58999.93799293782,36569.22948740797,30,Optimal,0.4934451999979501,38048.974274100176,0.0,0,13035,0,,False,False,4.445155354915187e-11,3.1528557542515045e-11,0.0,0.0,1200.0,10800.0,833.3333333333334,833.3333333333334,formal_output
2025-05-19,2672.2022515198114,37282.5975761818,58087.46477867794,35779.28682646488,30,Optimal,0.46802219999881345,37282.597576181804,0.0,0,11769,0,,False,False,2.2737367544323206e-13,9.094947017729282e-13,0.0,0.0,1200.0,10800.0,833.3333333333334,833.3333333333334,formal_output
2025-05-20,2687.114453490697,35864.718139480516,55346.474393495075,34452.28409904934,30,Optimal,0.5101351000012073,35864.71813948061,0.0,0,13376,0,,False,False,2.2737367544323206e-13,1.0231815394945443e-12,0.0,0.0,1200.0,10800.0,833.3333333333334,833.3333333333334,formal_output
2025-05-21,1744.4938766569335,37651.287548193744,58870.76008861164,36270.07179748095,30,Optimal,0.48817200000121375,37651.28754819373,1.1515344233714586e-11,0,12999,0,,False,False,2.7398527890909463e-11,2.4579449586781266e-11,0.0,-1.1515344233714586e-11,1200.0,10800.0,833.3333333333334,833.3333333333334,formal_output
2025-05-22,2157.6435375780284,37239.95446702159,57425.19884806277,35855.867723103496,30,Optimal,0.5123840000014752,37239.95446702163,0.0,0,12644,0,,False,False,2.2737367544323206e-13,6.252776074688882e-12,0.0,0.0,1200.0,10800.0,833.3333333333334,833.3333333333334,formal_output
2025-05-23,3420.0813528629296,14177.111401481361,25746.033454416567,13902.613730686782,30,Optimal,0.23081699999966077,14177.111401481363,0.0,0,9777,0,,False,False,5.684341886080802e-14,9.663381206337363e-13,0.0,0.0,1200.0,10800.0,833.3333333333334,833.3333333333334,formal_output
2025-05-24,2883.5141908672385,14138.507419379146,25954.974229832696,13894.029382166958,30,Optimal,0.24443840000094497,14138.507419379144,0.0,0,10113,0,,False,False,1.1368683772161603e-13,1.0231815394945443e-12,0.0,0.0,1200.0,10800.0,833.3333333333334,685.0124998680237,formal_output
2025-05-25,2096.672789664816,36354.54461738158,56150.770633624415,35026.23549658561,30,Optimal,0.42278369999985443,36354.544617381616,3.637978807091713e-12,0,12880,0,,False,False,4.888534022029489e-12,9.492850949754938e-12,0.0,-3.4561242756581123e-12,1200.0,10800.000000000004,833.3333333333334,833.3333333333334,formal_output
2025-05-26,2645.3999482455033,35605.76836797383,54651.11346804815,34324.26318997501,30,Optimal,0.48888090000036755,35605.768367973855,0.0,0,12565,0,,False,False,2.2737367544323206e-13,1.0231815394945443e-12,0.0,0.0,1200.0,10800.0,833.3333333333334,833.3333333333334,formal_output
2025-05-27,1879.815825124414,37517.86364870933,58438.386403386445,35985.56512686354,30,Optimal,0.4404560000002675,37517.86364870934,0.0,0,12280,0,,False,False,1.1368683772161603e-12,4.661160346586257e-12,0.0,0.0,1200.0,10800.0,833.3333333333334,833.3333333333334,formal_output
2025-05-28,2474.0746545593124,36448.12934019396,56320.00282370269,34887.7212202686,30,Optimal,0.4254170999993221,36448.129340193926,0.0,0,12435,0,,False,False,2.2737367544323206e-13,1.0231815394945443e-12,0.0,0.0,1200.0,10800.0,833.3333333333334,833.3333333333334,formal_output
2025-05-29,2568.1779115329605,36239.359344607066,56342.89334115077,34853.94659863367,30,Optimal,0.46277370000098017,36239.35934460707,0.0,0,12657,0,,False,False,2.2737367544323206e-13,9.094947017729282e-13,0.0,0.0,1200.0,10800.0,833.3333333333334,833.3333333333334,formal_output
2025-05-30,2218.8500410021707,14436.40877809738,26959.40418294246,14165.73438048557,30,Optimal,0.23957379999774275,14436.408778097379,0.0,0,10307,0,,False,False,1.1368683772161603e-13,1.0231815394945443e-12,0.0,0.0,1200.0,10800.0,833.3333333333334,810.3880486590423,formal_output
2025-05-31,2134.703679574929,14399.586269817546,26875.070260723543,14134.88854847023,30,Optimal,0.2766830000000482,14399.586269817542,0.0,0,10415,0,,False,False,1.1368683772161603e-13,9.663381206337363e-13,0.0,0.0,1200.0,10800.0,833.3333333333334,795.8907518046581,formal_output
2025-06-01,1904.0006197435541,37673.37517994864,59251.97570628361,36508.821058975926,30,Optimal,0.4246187999997346,37673.37517994861,6.323830348264892e-12,0,12498,0,,False,False,5.5706550483591855e-11,4.1382008930668235e-11,0.0,-6.323830348264892e-12,1200.0,10800.000000000004,833.3333333333334,833.3333333333334,formal_output
2025-06-02,1200.0,46140.84858848135,71302.13407056817,44290.97344375463,30,Optimal,0.47081039999829954,46140.84858848136,3.637978807091713e-12,0,12533,0,,False,False,5.343281372915953e-12,5.9117155615240335e-12,0.0,-3.637978807091713e-12,1200.0,10800.0,833.3333333333334,833.3333333333334,formal_output
2025-06-03,1301.480724118984,48957.68573565127,74665.58917708456,47170.752581729954,30,Optimal,0.555728100000124,48957.68573565123,0.0,0,13254,0,,False,False,1.1254996934439987e-11,5.286437954055145e-12,0.0,0.0,1200.0,10800.0,833.3333333333334,833.3333333333334,formal_output
2025-06-04,2175.5742366946083,49822.0565287822,75508.45827850037,47809.234732468685,30,Optimal,0.5704157000000123,49822.0565287822,0.0,0,13001,0,,False,False,2.2737367544323206e-13,1.0231815394945443e-12,0.0,0.0,1200.0,10800.0,833.3333333333334,833.3333333333334,formal_output
2025-06-05,2238.5787566502686,49502.67511513037,75845.68035113058,47579.50717079192,30,Optimal,0.5397348000005877,49502.67511513038,0.0,0,12977,0,,False,False,2.2737367544323206e-13,2.3305801732931286e-12,0.0,0.0,1200.0,10800.0,833.3333333333334,833.3333333333334,formal_output
2025-06-06,2147.523758095167,15249.706147288947,27920.473809543935,14632.536717274963,30,Optimal,0.2710436999986996,15249.706147288956,0.0,0,11465,0,,False,False,1.7932322293745528e-12,2.476241434123949e-12,0.0,0.0,1200.0,10800.0,833.3333333333334,670.4353251002688,formal_output
2025-06-07,1302.8638560402212,22459.293692035273,36476.52759330951,20831.701487820814,30,Optimal,0.35758130000249366,22459.29369203528,0.0,0,12348,0,,False,False,1.1368683772161603e-13,1.9895196601282805e-12,-0.0,0.0,1200.0,10800.0,833.3333333333334,781.4000255185189,formal_output
2025-06-08,1883.3793101331507,56336.726137119906,84650.44450768176,53668.274326653496,30,Optimal,0.5631850999998278,56336.72613711991,2.7284841053187847e-11,0,13318,0,,False,False,5.936584557275637e-12,2.7284841053187847e-11,0.0,-2.3447910280083306e-11,1199.9999999999993,10800.000000000027,833.3333333333334,833.3333333333334,formal_output
2025-06-09,2798.21382742477,51758.40836810588,77966.11201599223,49136.83759947183,30,Optimal,0.5969804000014847,51758.408368105884,0.0,0,12846,0,,False,False,2.2737367544323206e-13,1.2505552149377763e-12,0.0,0.0,1200.0,10800.0,833.3333333333334,833.3333333333334,formal_output
2025-06-10,2575.302272778019,51982.27585680352,78047.95906409805,49381.62406959596,30,Optimal,0.45681940000213217,51982.27585680349,0.0,0,13393,0,,False,False,2.2737367544323206e-13,2.6147972675971687e-12,0.0,0.0,1200.0,10800.0,833.3333333333334,833.3333333333334,formal_output
2025-06-11,2951.7328971651477,51688.95142419057,77692.80192377076,49116.05768771282,30,Optimal,0.5798087999974086,51688.9514241906,0.0,0,13640,0,,False,False,4.547473508864641e-13,9.947598300641403e-13,0.0,0.0,1200.0,10800.0,833.3333333333334,833.3333333333334,formal_output
2025-06-12,2374.288518148293,55561.97669093393,82750.34139789734,52838.82024034693,30,Optimal,0.6747157999998308,55561.97669093398,0.0,0,15415,0,,False,False,2.2737367544323206e-13,3.785416424761934e-12,0.0,0.0,1200.0,10800.0,833.3333333333334,833.3333333333334,formal_output
2025-06-13,3321.6309558811054,21804.893084744817,34621.07328307038,20146.210085819643,30,Optimal,0.3097708999994211,21804.893084744792,0.0,0,11398,0,,False,False,1.1368683772161603e-13,1.0231815394945443e-12,0.0,0.0,1200.0,10800.0,833.3333333333334,833.3333333333334,formal_output
2025-06-14,2516.381421559192,23230.62774305597,37019.63138228292,21639.090847005238,30,Optimal,0.3621536000027845,23230.627743055964,0.0,0,11767,0,,False,False,2.2737367544323206e-13,1.0231815394945443e-12,0.0,0.0,1200.0,10800.0,833.3333333333334,833.3333333333334,formal_output
2025-06-15,2592.1245708927063,54067.75414337638,81038.31364263291,51344.17767218916,30,Optimal,0.6504800000002433,54067.75414337641,0.0,0,13050,0,,False,False,2.2737367544323206e-13,1.0231815394945443e-12,0.0,0.0,1200.0,10800.0,833.3333333333334,833.3333333333334,formal_output
2025-06-16,3110.490011468222,53190.68315060438,79615.54843673081,50466.11049222792,30,Optimal,0.5051817999992636,53190.68315060438,0.0,0,12625,0,,False,False,2.2737367544323206e-13,1.4779288903810084e-12,0.0,0.0,1200.0,10800.0,833.3333333333334,833.3333333333334,formal_output
2025-06-17,3092.9889522490603,53210.04983023479,79415.67374830713,50455.54867229859,30,Optimal,0.6372054999992542,53210.049830234784,0.0,0,13517,0,,False,False,2.2737367544323206e-13,1.8474111129762605e-12,0.0,0.0,1200.0,10800.0,833.3333333333334,833.3333333333334,formal_output
2025-06-18,2398.3195642433866,54771.17664695535,81685.43425381285,52045.155532841876,30,Optimal,0.6141291999992973,54771.17664695533,0.0,0,14675,0,,False,False,2.2737367544323206e-13,2.5348612098241574e-12,0.0,0.0,1200.0,10800.0,833.3333333333334,833.3333333333334,formal_output
2025-06-19,3348.988277996773,53392.75272761578,79548.66348402522,50662.417579813715,30,Optimal,0.6032307000023138,53392.75272761577,0.0,0,13236,0,,False,False,2.2737367544323206e-13,3.382183422218077e-12,0.0,0.0,1200.0,10800.0,833.3333333333334,833.3333333333334,formal_output
2025-06-20,3232.7449743746934,21720.551953355032,34545.633171780515,20296.682043248158,30,Optimal,0.2701591000004555,21720.551953355018,0.0,0,10894,0,,False,False,2.2737367544323206e-13,1.1226575225009583e-12,0.0,0.0,1200.0,10800.0,833.3333333333334,833.3333333333334,formal_output
2025-06-21,3504.9423411524253,20473.722386386144,32745.374250591783,19137.892017283746,30,Optimal,0.2604858000013337,20473.72238638614,0.0,0,10867,0,,False,False,1.1368683772161603e-13,1.0231815394945443e-12,0.0,0.0,1200.0,10800.0,833.3333333333334,833.3333333333334,formal_output
2025-06-22,3231.9802235777343,49192.99427908894,73003.18019025534,46352.75701682077,30,Optimal,0.5503939000009268,49192.9942790889,0.0,0,13554,0,,False,False,2.2737367544323206e-13,1.0231815394945443e-12,0.0,0.0,1200.0,10800.0,833.3333333333334,833.3333333333334,formal_output
2025-06-23,3209.652069955606,49106.861641570176,73449.38045503708,46332.321762641084,30,Optimal,0.6331222000007983,49106.86164157017,0.0,0,13575,0,,False,False,2.2737367544323206e-13,1.0231815394945443e-12,0.0,0.0,1200.0,10800.0,833.3333333333334,833.3333333333334,formal_output
2025-06-24,2695.749119360983,49697.34377350559,74035.98799000069,46925.81762528814,30,Optimal,0.5907057999975223,49697.34377350559,0.0,0,13034,0,,False,False,2.2737367544323206e-13,1.0231815394945443e-12,0.0,0.0,1200.0,10800.0,833.3333333333334,833.3333333333334,formal_output
2025-06-25,2263.9416474102454,54501.98683223003,80912.33576466075,51231.27561705011,30,Optimal,0.7123006000001624,54501.986832230024,0.0,0,15491,0,,False,False,2.2737367544323206e-13,1.0231815394945443e-12,0.0,0.0,1200.0,10800.0,833.3333333333334,833.3333333333334,formal_output
2025-06-26,3093.46101210293,53034.991584721305,78287.86601132978,49673.80510769811,30,Optimal,0.6108230999998341,53034.99158472127,0.0,0,14206,0,,False,False,2.2737367544323206e-13,1.0231815394945443e-12,0.0,0.0,1200.0,10800.0,833.3333333333334,833.3333333333334,formal_output
2025-06-27,3216.8555654583706,20520.68834168583,33161.41136630828,18933.737484181,30,Optimal,0.2945179000016651,20520.688341685804,0.0,0,11724,0,,False,False,1.1368683772161603e-13,9.663381206337363e-13,0.0,0.0,1200.0,10800.0,833.3333333333334,833.3333333333334,formal_output
2025-06-28,3357.8191651358834,19442.56471354699,31820.291895958704,18206.907545783924,30,Optimal,0.2719423000016832,19442.56471354699,0.0,0,11129,0,,False,False,1.1368683772161603e-13,1.0231815394945443e-12,0.0,0.0,1200.0,10800.0,833.3333333333334,833.3333333333334,formal_output
2025-06-29,2665.268170341284,50607.35545916092,73851.92031448171,47035.86113278187,30,Optimal,0.4733233000006294,50607.35545916089,0.0,0,14226,0,,False,False,2.2737367544323206e-13,1.0231815394945443e-12,0.0,0.0,1200.0,10800.0,833.3333333333334,833.3333333333334,formal_output
2025-06-30,3307.553065048834,50398.80522713377,73904.14649621841,46679.06707281145,30,Optimal,0.5979229000004125,50398.80522713375,0.0,0,13001,0,,False,False,2.2737367544323206e-13,1.0231815394945443e-12,0.0,0.0,1200.0,10800.0,833.3333333333334,833.3333333333334,formal_output
2025-07-01,2838.5489478165887,51221.962678706754,75375.14603083863,47490.64385115769,30,Optimal; tiebreak=Optimal,1.7281440000006114,1112534.923051467,0.0,0,13197,0,,True,False,1.1368683772161603e-13,2.1032064978498966e-12,0.0,0.0,1200.0,10800.0,833.3333333333334,833.3333333333334,formal_output
2025-07-02,1200.0,54569.24591289671,82152.24105786245,51759.55927077182,30,Optimal,0.6359885999991093,54569.24591289672,9.094947017729282e-12,0,14778,0,,False,False,2.6832758237560483e-11,1.5305090528272558e-11,0.0,-6.59383658785373e-12,1199.999999999991,10800.0,833.3333333333334,833.3333333333334,formal_output
2025-07-03,1620.3095801907716,53470.39311833151,80567.32723447698,51070.136767255135,30,Optimal,0.5961502999998629,53470.393118331536,0.0,0,13486,0,,False,False,3.183231456205249e-12,4.447997525858227e-12,0.0,0.0,1200.0,10800.0,833.3333333333334,833.3333333333334,formal_output
2025-07-04,2337.5110516904815,19010.185586270924,32145.699818426307,17989.021411611262,30,Optimal,0.26628969999728724,19010.185586270913,0.0,0,11121,0,,False,False,1.1368683772161603e-13,1.0231815394945443e-12,0.0,0.0,1200.0,10800.0,833.3333333333334,833.3333333333334,formal_output
2025-07-05,1200.0,26733.171267364465,42983.170607659136,25366.367480062683,30,Optimal,0.29881680000107735,26733.171267364458,0.0,0,11836,0,,False,False,1.1368683772161603e-13,9.094947017729282e-13,-0.0,0.0,1200.0,10800.0,833.3333333333334,833.3333333333334,formal_output
2025-07-06,2371.342563708104,56445.877553329134,83396.89129936766,54048.22333367111,30,Optimal,0.5479963000034331,56445.87755332914,0.0,0,13723,0,,False,False,2.2737367544323206e-13,9.663381206337363e-13,0.0,0.0,1200.0,10800.0,833.3333333333334,833.3333333333334,formal_output
2025-07-07,2815.730164488593,56422.96081237826,84127.41747916988,54510.49843892213,30,Optimal,0.6022618999995757,56422.96081237828,0.0,0,14400,0,,False,False,4.547473508864641e-13,1.0231815394945443e-12,0.0,0.0,1200.0,10800.0,833.3333333333334,833.3333333333334,formal_output
2025-07-08,4093.080518410894,53588.69492561535,79421.45368218949,51326.78596414888,30,Optimal,0.7214874000019336,53588.69492561535,0.0,0,14315,0,,False,False,1.1368683772161603e-13,2.8990143619012088e-12,0.0,0.0,1200.0,10800.0,833.3333333333334,833.3333333333334,formal_output
2025-07-09,3442.4829351099984,54849.83606802477,80905.87686214072,52570.045783410125,30,Optimal,0.6276410999998916,54849.836068024764,0.0,0,13766,0,,False,False,2.2737367544323206e-13,1.0231815394945443e-12,0.0,0.0,1200.0,10800.0,833.3333333333334,833.3333333333334,formal_output
2025-07-10,4128.473187622794,53228.3761959295,78677.51159904743,50967.50103357552,30,Optimal,0.5634454999999434,53228.37619592948,0.0,0,13392,0,,False,False,1.1368683772161603e-13,1.0231815394945443e-12,0.0,0.0,1200.0,10800.0,833.3333333333334,833.3333333333334,formal_output
2025-07-11,4026.733470312326,24889.430588059233,40143.39401214689,24184.056984994437,30,Optimal,0.2811957000012626,24889.430588059233,0.0,0,11056,0,,False,False,1.1368683772161603e-13,9.094947017729282e-13,0.0,0.0,1200.0,10800.0,833.3333333333334,833.3333333333334,formal_output
2025-07-12,2884.9890364877847,26492.11964474718,43105.44435620883,25684.84264956005,30,Optimal,0.26640730000144686,26492.119644747174,0.0,0,11122,0,,False,False,1.1368683772161603e-13,9.094947017729282e-13,0.0,0.0,1200.0,10800.0,833.3333333333334,833.3333333333334,formal_output
2025-07-13,2856.8719891951287,55347.95718132165,82137.92051906296,53083.48882824707,30,Optimal; tiebreak=Optimal,1.7366185999999288,1081380.9922311555,0.0,0,12936,0,,True,False,1.1368683772161603e-13,2.7284841053187847e-12,0.0,0.0,1200.0,10800.0,833.3333333333334,833.3333333333334,formal_output
2025-07-14,3848.873694214806,52315.047969898544,77097.47389245147,50070.57340368757,30,Optimal,0.6156250999993063,52315.04796989854,0.0,0,14204,0,,False,False,1.1368683772161603e-13,1.0231815394945443e-12,0.0,0.0,1200.0,10800.0,833.3333333333334,833.3333333333334,formal_output
2025-07-15,3645.130670069668,51878.87345300917,76377.28317295952,49644.40464893979,30,Optimal,0.6296493000008923,51878.8734530092,0.0,0,13913,0,,False,False,1.7053025658242404e-13,9.094947017729282e-13,0.0,0.0,1200.0,10800.0,833.3333333333334,833.3333333333334,formal_output
2025-07-16,3785.273231578456,51525.640844603244,76602.09967077966,49563.59928453203,30,Optimal,0.6495606999997108,51525.640844603186,0.0,0,13525,0,,False,False,2.2737367544323206e-13,1.0231815394945443e-12,0.0,0.0,1200.0,10800.0,833.3333333333334,833.3333333333334,formal_output
2025-07-17,3667.307038691178,51721.022802789834,77121.2130719402,49804.65897119181,30,Optimal,0.7718380999976944,51721.02280278982,0.0,0,14216,0,,False,False,1.1368683772161603e-13,9.094947017729282e-13,0.0,0.0,1200.0,10800.0,833.3333333333334,833.3333333333334,formal_output
2025-07-18,3655.2353522383582,26400.529043236464,42303.856918301615,25576.886883021558,30,Optimal,0.30528100000083214,26400.529043236464,0.0,0,11022,0,,False,False,1.1368683772161603e-13,9.094947017729282e-13,0.0,0.0,1200.0,10800.0,833.3333333333334,833.3333333333334,formal_output
2025-07-19,3963.946814558953,25502.673589235477,41191.223887882574,24811.919029176206,30,Optimal,0.28198260000135633,25502.673589235477,0.0,0,10892,0,,False,False,1.1368683772161603e-13,9.094947017729282e-13,0.0,0.0,1200.0,10800.0,833.3333333333334,833.3333333333334,formal_output
2025-07-20,2958.790112064375,53809.366793100424,80202.85845312904,51881.99951887301,30,Optimal,0.6815430999995442,53809.36679310045,0.0,0,14923,0,,False,False,2.2737367544323206e-13,1.0231815394945443e-12,0.0,0.0,1200.0,10800.0,833.3333333333334,833.3333333333334,formal_output
2025-07-21,4089.228335583284,52432.79576882432,78135.75975640255,50536.020018254305,30,Optimal,0.6579438999979175,52432.79576882432,0.0,0,15029,0,,False,False,1.1368683772161603e-13,1.0231815394945443e-12,0.0,0.0,1200.0,10800.0,833.3333333333334,833.3333333333334,formal_output
2025-07-22,3797.420216707952,52733.037289695916,78723.99735234835,50921.41208502358,30,Optimal,0.6038436999988335,52733.03728969593,0.0,0,13607,0,,False,False,2.2737367544323206e-13,1.0231815394945443e-12,0.0,0.0,1200.0,10800.0,833.3333333333334,833.3333333333334,formal_output
2025-07-23,3785.7167914391157,53047.733424080034,79184.32213788,51149.86571621945,30,Optimal,0.6202918000017235,53047.73342408002,0.0,0,13552,0,,False,False,1.1368683772161603e-13,3.1317171078626416e-12,0.0,0.0,1200.0,10800.0,833.3333333333334,833.3333333333334,formal_output
2025-07-24,3822.475956220308,53553.6980699918,79727.55780017383,51713.46454986882,30,Optimal,0.5344801999999618,53553.698069991806,0.0,0,13363,0,,False,False,1.1368683772161603e-13,2.2737367544323206e-12,0.0,0.0,1200.0,10800.0,833.3333333333334,833.3333333333334,formal_output
2025-07-25,4454.421864444331,26036.34648022244,40967.790897113824,25046.423944695467,30,Optimal,0.25637270000152057,26036.346480222426,0.0,0,10654,0,,False,False,1.1368683772161603e-13,1.0231815394945443e-12,0.0,0.0,1200.0,10800.0,833.3333333333334,833.3333333333334,formal_output
2025-07-26,3972.4879582218755,25389.76996535598,40231.5218515662,24424.62245502269,30,Optimal,0.2432263000009698,25389.76996535599,0.0,0,10625,0,,False,False,1.1368683772161603e-13,1.0231815394945443e-12,0.0,0.0,1200.0,10800.0,833.3333333333334,833.3333333333334,formal_output
2025-07-27,3460.168255802031,52657.258905896204,79113.73414507529,50954.52059880548,30,Optimal,0.6935493999990285,52657.25890589617,0.0,0,13529,0,,False,False,1.1368683772161603e-13,1.0609291223317996e-12,0.0,0.0,1200.0,10800.0,833.3333333333334,833.3333333333334,formal_output
2025-07-28,4054.9179491026803,52381.875710232096,78371.72790979264,50780.895665106145,30,Optimal,0.5836656999999832,52381.87571023207,0.0,0,13049,0,,False,False,1.1368683772161603e-13,1.0231815394945443e-12,0.0,0.0,1200.0,10800.0,833.3333333333334,833.3333333333334,formal_output
2025-07-29,2587.0149040910187,54884.72840031252,83162.79517178537,53501.611403288945,30,Optimal,0.7633105999993859,54884.72840031244,0.0,0,14331,0,,False,False,2.2737367544323206e-13,1.0516032489249483e-12,0.0,0.0,1200.0,10800.0,833.3333333333334,833.3333333333334,formal_output
2025-07-30,3854.0608016835554,54286.15494497146,81659.30697115333,52780.400115375814,30,Optimal,0.6751772000025085,54286.15494497144,0.0,0,13742,0,,False,False,2.2737367544323206e-13,9.094947017729282e-13,0.0,0.0,1200.0,10800.0,833.3333333333334,833.3333333333334,formal_output
2025-07-31,4206.610596994619,53519.038281497255,80172.16772160286,52039.022303957085,30,Optimal,0.5869877000004635,53519.03828149721,0.0,0,13559,0,,False,False,2.2737367544323206e-13,1.0231815394945443e-12,0.0,0.0,1200.0,10800.0,833.3333333333334,833.3333333333334,formal_output
2025-08-01,4065.891309961792,24823.289873922968,39688.7723408265,24229.6760832534,30,Optimal,0.26971790000243345,24823.289873922957,0.0,0,10854,0,,False,False,1.1368683772161603e-13,1.0231815394945443e-12,0.0,0.0,1200.0,10800.0,833.3333333333334,833.3333333333334,formal_output
2025-08-02,3214.538371681181,24016.845323246976,38549.78396323061,23198.16317356451,30,Optimal,0.27399469999727444,24016.84532324697,0.0,0,10900,0,,False,False,1.1368683772161603e-13,2.9558577807620168e-12,0.0,0.0,1200.0,10800.0,833.3333333333334,833.3333333333334,formal_output
2025-08-03,1840.7573643045407,48410.794766362924,72670.58130529571,46744.97545798366,30,Optimal,0.5819228999971529,48410.7947663629,0.0,0,13702,0,,False,False,4.433786671143025e-12,3.069544618483633e-12,0.0,0.0,1200.0,10800.0,833.3333333333334,833.3333333333334,formal_output
2025-08-04,1257.6996996216528,44918.838878550574,68741.63589292672,44492.301028766655,30,Optimal,0.5437402999996266,44918.83887855059,0.0,0,13910,0,,False,False,3.512745649913995e-11,3.1512570330960443e-11,0.0,0.0,1200.0,10800.0,833.3333333333334,833.3333333333334,formal_output
2025-08-05,1376.8858586702847,44819.375148935,68804.84219162891,44386.38359316322,30,Optimal; tiebreak=Optimal,1.7435366999998223,1047405.4097154784,0.0,0,13695,0,,True,False,2.1680079953512177e-10,8.003553375601768e-11,0.0,0.0,1200.0,10800.0,833.3333333333334,833.3333333333334,formal_output
2025-08-06,1394.1018084738348,44155.62264752262,68367.83107134377,43900.25160461926,30,Optimal,0.595177800001693,44155.622647522614,9.753558728851137e-12,0,14080,0,,False,False,5.88897819397971e-11,5.275069270282984e-11,0.0,-9.753558728851137e-12,1200.0,10800.0,833.3333333333334,833.3333333333334,formal_output
2025-08-07,1484.7300427072253,45916.37334821369,70696.04212803376,45299.33906007762,30,Optimal,0.673886800002947,45916.373348213674,3.956301952712238e-11,0,14407,0,,False,False,2.335012183607432e-10,1.9741719370358624e-10,0.0,-1.5006662579253316e-11,1199.9999999999604,10800.000000000004,833.3333333333334,833.3333333333334,formal_output
2025-08-08,1664.3546362482857,22840.458762002774,38849.57510589529,23057.376699443972,30,Optimal,0.2963135999998485,22840.458762002778,0.0,0,11441,0,,False,False,1.1368683772161603e-13,1.0231815394945443e-12,0.0,0.0,1200.0,10800.0,833.3333333333334,833.3333333333334,formal_output
2025-08-09,1844.6515682352908,22010.041205496414,37680.38292301105,22221.265548659318,30,Optimal,0.27576939999926253,22010.0412054964,0.0,0,11080,0,,False,False,1.1368683772161603e-13,9.094947017729282e-13,0.0,0.0,1200.0,10800.0,833.3333333333334,833.3333333333334,formal_output
2025-08-10,1200.0,44248.89159974999,68416.86216176889,43791.502177132934,30,Optimal,0.5638897999997425,44248.891599749964,1.0231815394945443e-12,0,13941,0,,False,False,1.4779288903810084e-12,6.394884621840902e-12,0.0,-1.0231815394945443e-12,1200.0,10800.0,833.3333333333334,833.3333333333334,formal_output
2025-08-11,1474.41293597406,44145.089402506506,68567.30998269102,43919.48752717656,30,Optimal,0.6417156000024988,44145.08940250652,0.0,0,14694,0,,False,False,1.4358647604240105e-10,1.0916778592218179e-10,0.0,0.0,1200.0,10800.0,833.3333333333334,833.3333333333334,formal_output
2025-08-12,1394.2968530583817,44308.6964310489,68844.56187855275,44102.15941558163,30,Optimal,0.521667000000889,44308.696431048906,1.3630730811849687e-14,0,14012,0,,False,False,1.4551915228366852e-11,1.546140993013978e-11,0.0,-1.3630730811849687e-14,1200.0,10800.0,833.3333333333334,833.3333333333334,formal_output
2025-08-13,1624.9385621066017,45717.23952853434,70608.99734586486,45328.21400739992,30,Optimal,0.6310730000004696,45717.23952853432,2.41158204516978e-11,0,14411,0,,False,False,1.6211743059102446e-10,4.82458517581108e-11,0.0,-2.41158204516978e-11,1200.0,10800.00000000002,833.3333333333334,833.3333333333334,formal_output
2025-08-14,1979.6109150626767,45236.634716907836,70032.56565102152,44841.05978211039,30,Optimal,0.6590824999984761,45236.634716907894,3.637978807091713e-12,0,14646,0,,False,False,4.297362465877086e-11,2.6211921522190096e-11,0.0,0.0,1200.0,10800.000000000004,833.3333333333334,833.3333333333334,formal_output
2025-08-15,1591.5541480355735,22643.381741991856,38835.92893648766,22929.607072299572,30,Optimal,0.3237212999993062,22643.381741991856,0.0,0,11647,0,,False,False,1.1368683772161603e-13,1.0231815394945443e-12,0.0,0.0,1200.0,10800.0,833.3333333333334,766.2805083398838,formal_output
2025-08-16,1871.3574685239032,22289.90337508024,38425.55668876204,22556.60498940161,30,Optimal,0.2926367999971262,22289.903375080252,0.0,0,11556,0,,False,False,1.1368683772161603e-13,1.0231815394945443e-12,0.0,0.0,1200.0,10800.0,833.3333333333334,833.3333333333334,formal_output
2025-08-17,1317.214120137824,44467.396654021926,68273.67450936895,44268.031837885894,30,Optimal,0.5059825999996974,44467.396654021926,1.4551915228366852e-11,0,13466,0,,False,False,6.730260793119669e-11,3.779465629349943e-11,0.0,-2.6147972675971687e-12,1200.0,10800.000000000015,833.3333333333334,833.3333333333334,formal_output
2025-08-18,1477.8567705708974,43805.19351976552,67352.0669833381,43659.90908712314,30,Optimal,0.5711566999998468,43805.193519765504,7.274181257344026e-12,0,14217,0,,False,False,7.73070496506989e-12,8.08242361927114e-12,0.0,-7.274181257344026e-12,1200.0,10800.0,833.3333333333334,833.3333333333334,formal_output
2025-08-19,1422.3635283035312,44321.74167590705,68184.40033869035,44163.54738418842,30,Optimal,0.5144780000009632,44321.74167590705,0.0,0,13885,0,,False,False,5.343281372915953e-12,6.764366844436154e-12,0.0,0.0,1200.0,10800.0,833.3333333333334,833.3333333333334,formal_output
2025-08-20,1549.2208424306677,44462.65295935978,68464.76694151796,44292.44512973993,30,Optimal,0.5779742999984592,44462.65295935982,4.547473508864641e-13,0,13783,0,,False,False,1.2070344723724702e-11,2.000888343900442e-11,0.0,0.0,1199.9999999999995,10800.0,833.3333333333334,833.3333333333334,formal_output
2025-08-21,1425.6910469683608,47288.9191188274,72764.24330550828,46561.693348754445,30,Optimal,0.6816326999978628,47288.91911882741,0.0,0,14476,0,,False,False,5.911715561524034e-11,5.184119800105691e-11,0.0,0.0,1200.0,10800.0,833.3333333333334,833.3333333333334,formal_output
2025-08-22,1784.1344306883416,22635.516194245087,38880.04356870112,22870.052404138485,30,Optimal,0.32412039999690023,22635.516194245098,0.0,0,11818,0,,False,False,1.1368683772161603e-13,1.0231815394945443e-12,0.0,0.0,1200.0,10800.0,833.3333333333334,833.3333333333334,formal_output
2025-08-23,1438.3570173766736,23432.480968800624,39765.31101125076,23616.84201382919,30,Optimal,0.3230422000015096,23432.480968800628,0.0,0,11822,0,,False,False,1.1368683772161603e-13,1.0231815394945443e-12,0.0,0.0,1200.0,10800.0,833.3333333333334,833.3333333333334,formal_output
2025-08-24,1565.5194986643617,46682.12180305282,71570.91833688538,46007.633760919,30,Optimal,0.6982145000001765,46682.12180305281,1.4774117962523208e-12,0,14328,0,,False,False,3.8767211663071066e-11,4.3655745685100555e-11,0.0,-1.4774117962523208e-12,1200.0,10800.0,833.3333333333334,833.3333333333334,formal_output
2025-08-25,1398.917884441824,46190.50035771141,70089.04178897553,45446.74157469343,30,Optimal,0.6144811999984086,46190.50035771138,0.0,0,14219,0,,False,False,6.821210263296962e-11,5.275069270282984e-11,0.0,0.0,1200.0,10800.0,833.3333333333334,833.3333333333334,formal_output
2025-08-26,1253.4581038424785,48387.67935672723,73729.42156469889,47382.8601993083,30,Optimal,0.6064096000009158,48387.67935672722,1.3862135372243994e-12,0,13941,0,,False,False,2.4783730623312294e-11,1.1141310096718371e-11,0.0,-1.3862135372243994e-12,1200.0,10800.0,833.3333333333334,833.3333333333334,formal_output
2025-08-27,1913.6898717715019,47126.18870825118,71200.88609233144,46130.880152973725,30,Optimal,0.5831805000016175,47126.18870825119,2.6593412332541755e-11,0,14387,0,,False,False,6.342659730762534e-11,5.595879315478669e-11,0.0,-2.6593412332541755e-11,1200.0,10800.0,833.3333333333334,833.3333333333334,formal_output
2025-08-28,1210.7829975124064,48029.80138011818,73087.29915099143,47090.37706943848,30,Optimal,0.5990418000001227,48029.80138011819,0.0,0,13433,0,,False,False,1.1709744285326451e-11,7.014389069581739e-12,0.0,0.0,1200.0,10800.0,833.3333333333334,833.3333333333334,formal_output
2025-08-29,1422.3416683387286,24174.47881316645,40907.62892794519,24355.227418139486,30,Optimal,0.3381889999982377,24174.478813166446,0.0,0,11740,0,,False,False,1.1368683772161603e-13,9.094947017729282e-13,0.0,0.0,1200.0,10800.0,833.3333333333334,786.1951531421419,formal_output
2025-08-30,2047.1258809156066,23414.206521777745,39584.96827070317,23553.150677849953,30,Optimal,0.34464939999816124,23414.20652177774,0.0,0,11720,0,,False,False,1.1368683772161603e-13,1.0231815394945443e-12,0.0,0.0,1200.0,10800.0,833.3333333333334,833.3333333333334,formal_output
2025-08-31,1200.0,47129.135804300466,71698.76137993339,46252.59163905945,30,Optimal,0.6183100000016566,47129.135804300495,6.486811088279865e-13,0,13722,0,,False,False,6.673417374258861e-11,6.002665031701326e-11,0.0,-6.486811088279865e-13,1200.0,10800.0,833.3333333333334,833.3333333333334,formal_output
2025-09-01,1842.1235119351823,46941.71388813082,71061.19553456556,46041.723593014874,30,Optimal,0.5826000000015483,46941.71388813081,8.084397349092696e-12,0,13469,0,,False,False,3.751665644813329e-11,5.994138518872205e-11,0.0,-8.084397349092696e-12,1200.0,10800.0,833.3333333333334,833.3333333333334,formal_output
2025-09-02,5562.050915126655,39131.757840433056,58898.910857169765,38341.597218784154,30,Optimal,0.5860408000007737,39131.757840433056,0.0,0,13459,0,,False,False,2.2737367544323206e-13,1.0231815394945443e-12,0.0,0.0,1200.0,10800.0,833.3333333333334,833.3333333333334,formal_output
2025-09-03,3244.3868350992016,38539.66207753805,59266.34477133698,37675.36849854419,30,Optimal,0.6116141999991669,38539.66207753802,0.0,0,13339,0,,False,False,2.2737367544323206e-13,1.0231815394945443e-12,0.0,0.0,1200.0,10800.0,833.3333333333334,833.3333333333334,formal_output
2025-09-04,1327.800696680691,38443.16967905013,59872.57972034093,37642.62955439095,30,Optimal,0.48536500000045635,38443.16967905014,5.093170329928398e-11,0,13071,0,,False,False,7.037448401803204e-11,6.388267692614136e-11,0.0,-5.093170329928398e-11,1200.0,10800.0,833.3333333333334,833.3333333333334,formal_output
2025-09-05,1408.9913611004026,24242.83524115127,40774.91069573599,24419.590334725144,30,Optimal,0.3222297000029357,24242.83524115127,0.0,0,11638,0,,False,False,2.2737367544323206e-13,1.0231815394945443e-12,0.0,0.0,1200.0,10800.0,833.3333333333334,833.3333333333334,formal_output
2025-09-06,5693.109940812133,15816.040432890002,27609.306656852314,16154.695132858382,30,Optimal,0.2496350999972492,15816.040432890006,0.0,0,9908,0,,False,False,1.1368683772161603e-13,1.0231815394945443e-12,0.0,0.0,1200.0,10800.0,833.3333333333334,833.3333333333334,formal_output
2025-09-07,2247.112225210107,37015.99645377499,57607.731483719035,36459.13900519418,30,Optimal,0.41667709999819635,37015.99645377497,0.0,0,12454,0,,False,False,2.2737367544323206e-13,1.7053025658242404e-12,0.0,0.0,1200.0,10800.0,833.3333333333334,833.3333333333334,formal_output
2025-09-08,1281.8773872967467,37607.188024452924,58899.592877885705,36955.08541946238,30,Optimal,0.5139191000016581,37607.18802445292,1.8189894035458565e-12,0,12618,0,,False,False,2.4772361939540133e-10,2.2373569663614035e-10,0.0,-1.6370904631912707e-12,1200.0,10800.000000000002,833.3333333333334,833.3333333333334,formal_output
2025-09-09,1200.0,39969.48067900026,62544.32608113648,39051.80235763159,30,Optimal,0.5234560999997484,39969.48067900027,1.8189894035458565e-12,0,13114,0,,False,False,2.034994395216927e-11,2.8142821406618168e-11,0.0,0.0,1200.0,10800.000000000002,833.3333333333334,833.3333333333334,formal_output
2025-09-10,1281.0285496550696,39012.101119098894,60697.37308369117,38383.78739718695,30,Optimal,0.39434340000298107,39012.1011190989,1.1368683772161603e-12,0,12256,0,,False,False,5.465849994834571e-12,5.258016244624741e-12,0.0,0.0,1199.9999999999989,10800.0,833.3333333333334,833.3333333333334,formal_output
2025-09-11,1223.163320080396,41685.7539041793,64704.724610831865,40661.862628858275,30,Optimal; tiebreak=Optimal,1.6817317999993975,1098245.9478060142,0.0,0,13528,0,,True,False,5.184119800105691e-11,4.729372449219227e-11,0.0,0.0,1200.0,10800.0,833.3333333333334,833.3333333333334,formal_output
2025-09-12,1502.3869366362896,18288.971615307262,32899.073586286555,18521.409542697224,30,Optimal,0.3032219000015175,18288.971615307266,0.0,0,11418,0,,False,False,1.1368683772161603e-13,1.0231815394945443e-12,0.0,0.0,1200.0,10800.0,833.3333333333334,833.3333333333334,formal_output
2025-09-13,2441.619119460297,16349.247053744759,30025.902256966474,16545.805607313625,30,Optimal,0.2938324000024295,16349.24705374477,0.0,0,11228,0,,False,False,2.2737367544323206e-13,2.637445817299522e-12,0.0,0.0,1200.0,10800.0,833.3333333333334,833.3333333333334,formal_output
2025-09-14,1200.0,39405.951773795154,60735.03046930496,38574.80987040213,30,Optimal,0.3952864999992016,39405.9517737951,5.002220859751105e-12,0,12370,0,,False,False,4.229150363244116e-11,1.7331025503608544e-11,0.0,-5.002220859751105e-12,1200.0,10800.0,833.3333333333334,833.3333333333334,formal_output
2025-09-15,1200.0,41423.88271018505,64232.810637792456,40312.58750045877,30,Optimal,0.505253499999526,41423.88271018502,6.821210263296962e-13,0,12893,0,,False,False,1.0459189070388675e-11,5.4569682106375694e-12,0.0,-6.821210263296962e-13,1200.0,10800.0,833.3333333333334,833.3333333333334,formal_output
2025-09-16,1623.0722353861063,40465.30192912701,62093.93078694331,39383.33157798996,30,Optimal,0.4877903000015067,40465.301929127,0.0,0,13010,0,,False,False,2.7284841053187847e-12,2.3092638912203256e-12,0.0,0.0,1200.0,10800.0,833.3333333333334,833.3333333333334,formal_output
2025-09-17,1200.0,41797.09244897407,65477.058512639225,41031.768147755196,30,Optimal,0.46829989999969257,41797.09244897411,7.73070496506989e-12,0,12116,0,,False,False,7.51469997339882e-11,7.293010639841668e-11,0.0,-7.73070496506989e-12,1200.0,10800.000000000002,833.3333333333334,833.3333333333334,formal_output
2025-09-18,1695.7178132545037,41952.433465404996,65459.56407176159,41143.71436523285,30,Optimal,0.4974746000007144,41952.43346540499,1.8189894035458565e-12,0,13161,0,,False,False,2.523847797419876e-11,3.8409275759931916e-12,0.0,-5.222489107836736e-13,1200.0,10800.000000000002,833.3333333333334,833.3333333333334,formal_output
2025-09-19,1667.2965799321134,17045.70171105536,31532.63755029845,17420.734190427807,30,Optimal,0.2951213000014832,17045.701711055375,0.0,0,11335,0,,False,False,2.2737367544323206e-13,1.0231815394945443e-12,0.0,0.0,1200.0,10800.0,833.3333333333334,671.9905613281306,formal_output
2025-09-20,1536.1036733805,17216.90767535489,31933.043850950206,17627.69143648958,30,Optimal,0.3310239999991609,17216.907675354894,0.0,0,11566,0,,False,False,1.1368683772161603e-13,1.0231815394945443e-12,0.0,0.0,1200.0,10800.0,833.3333333333334,833.3333333333334,formal_output
2025-09-21,1539.0891010689725,43460.582022682436,67329.73366702913,42735.55394648186,30,Optimal,0.5092571999994107,43460.58202268246,3.9335645851679146e-11,0,12738,0,,False,False,4.8544279707130045e-11,2.9394442435659585e-10,0.0,-2.3492319201068312e-12,1199.9999999999607,10800.0,833.3333333333334,833.3333333333334,formal_output
2025-09-22,1804.5796070985077,41957.33261206756,65480.083643375634,41309.6182183201,30,Optimal,0.5130243000021437,41957.33261206755,0.0,0,12332,0,,False,False,2.717115421546623e-11,2.0518031718097518e-11,0.0,0.0,1200.0,10800.0,833.3333333333334,833.3333333333334,formal_output
2025-09-23,1241.5528943909878,42512.3443489391,66522.34145487292,41878.068148776656,30,Optimal,0.6121644000013475,42512.34434893906,3.637978807091713e-12,0,13029,0,,False,False,5.218225851422176e-11,2.546585164964199e-11,0.0,-3.637978807091713e-12,1200.0,10800.0,833.3333333333334,833.3333333333334,formal_output
2025-09-24,1484.0936946490583,43361.72994513104,67421.99317278371,42679.911919000275,30,Optimal,0.5072765000004438,43361.729945131,0.0,0,12974,0,,False,False,2.2737367544323206e-11,2.7284841053187847e-11,0.0,0.0,1200.0,10800.0,833.3333333333334,833.3333333333334,formal_output
2025-09-25,2028.6023673639552,42798.707348463686,66603.32166570297,42171.004298256674,30,Optimal,0.6096964999996999,42798.70734846369,3.274180926382542e-12,0,13162,0,,False,False,9.833911462919787e-12,5.8122395785176195e-12,0.0,-3.274180926382542e-12,1200.0,10800.0,833.3333333333334,833.3333333333334,formal_output
2025-09-26,1543.6281690547169,17857.190526632454,32879.72817891193,18277.852174361688,30,Optimal,0.3259765000002517,17857.19052663245,0.0,0,11901,0,,False,False,2.2737367544323206e-13,9.094947017729282e-13,0.0,0.0,1200.0,10800.0,833.3333333333334,673.6529425766453,formal_output
2025-09-27,1934.3517818324765,17052.7693377375,31676.156131275606,17435.68015691894,30,Optimal,0.30013169999801903,17052.769337737485,0.0,0,11285,0,,False,False,1.1368683772161603e-13,4.433786671143025e-12,0.0,0.0,1200.0,10800.0,833.3333333333334,833.3333333333334,formal_output
2025-09-28,1200.0,44342.20204486385,69351.78043438433,43844.06569495601,30,Optimal,0.5368144000021857,44342.20204486391,8.549250196665525e-11,0,12880,0,,False,False,2.2521362552652135e-10,1.9090862224402372e-10,0.0,-8.549250196665525e-11,1200.0,10800.0,833.3333333333334,833.3333333333334,formal_output
2025-09-29,1833.850753490634,44304.261558213555,69290.7408323824,43705.53632200161,30,Optimal,0.5296274000029371,44304.261558213584,6.981082378842984e-13,0,12728,0,,False,False,3.524291969370097e-11,5.2951421025682066e-11,0.0,-6.981082378842984e-13,1199.9999999999995,10800.0,833.3333333333334,833.3333333333334,formal_output
2025-09-30,1493.237746334287,44456.61655573772,69352.87311285955,43882.301642637656,30,Optimal,0.5171392999982345,44456.61655573774,1.47451828524936e-10,0,13420,0,,False,False,1.8496848497306928e-10,1.6484058562582504e-10,0.0,-1.47451828524936e-10,1200.0,10800.000000000011,833.3333333333334,833.3333333333334,formal_output
2025-10-01,1542.6276508979033,45702.68925350138,71093.5442793454,45124.13725310209,30,Optimal,0.5245498000003863,45702.68925350137,7.275957614183426e-12,0,13131,0,,False,False,2.4920154828578234e-10,2.7830537874251604e-10,0.0,0.0,1199.9999999999927,10800.000000000002,833.3333333333334,833.3333333333334,formal_output
2025-10-02,3958.23465602988,38864.95095652405,60146.91007425124,38401.97218167882,30,Optimal,0.46169839999856777,38864.95095652407,0.0,0,11990,0,,False,False,2.2737367544323206e-13,2.0463630789890885e-12,0.0,0.0,1200.0,10800.0,833.3333333333334,833.3333333333334,formal_output
2025-10-03,3113.89720115448,17258.57323464317,31362.685731566562,17605.925834772497,30,Optimal,0.310314099999232,17258.573234643165,0.0,0,11067,0,,False,False,2.2737367544323206e-13,2.8421709430404007e-12,0.0,0.0,1200.0,10800.0,833.3333333333334,833.3333333333334,formal_output
2025-10-04,4417.008191916703,13961.244223712405,26946.91877953233,14361.921992313066,30,Optimal,0.269249500001024,13961.244223712409,0.0,0,10427,0,,False,False,2.2737367544323206e-13,1.4779288903810084e-12,0.0,0.0,1200.0,10800.0,833.3333333333334,833.3333333333334,formal_output
2025-10-05,1603.2684425038024,40019.770803419495,63179.700160733584,39373.00414196177,30,Optimal,0.5112775999987207,40019.77080341951,1.3183704128394425e-11,0,12446,0,,False,False,2.034994395216927e-11,8.347145197262762e-11,0.0,-1.3183704128394425e-11,1199.9999999999998,10800.0,833.3333333333334,833.3333333333334,formal_output
2025-10-06,2280.9001114847706,39091.9373816322,61798.85526352156,38419.697791234714,30,Optimal,0.41290849999859347,39091.9373816322,0.0,0,12071,0,,False,False,2.2737367544323206e-13,1.184385922670117e-12,0.0,0.0,1200.0,10800.0,833.3333333333334,833.3333333333334,formal_output
2025-10-07,1469.5682639344716,40484.50435042664,64500.25516324821,39887.011604923246,30,Optimal,0.42868040000030305,40484.504350426636,3.637978807091713e-12,0,12092,0,,False,False,3.865352482534945e-12,8.895995051716454e-12,0.0,0.0,1200.0,10800.000000000004,833.3333333333334,833.3333333333334,formal_output
2025-10-08,2189.8491753465596,40297.96665985514,63883.261804576396,39703.09986922337,30,Optimal,0.4320592999974906,40297.96665985513,0.0,0,12403,0,,False,False,2.2737367544323206e-13,1.0231815394945443e-12,0.0,0.0,1200.0,10800.0,833.3333333333334,833.3333333333334,formal_output
2025-10-09,2013.1163870089788,39811.092877269504,63544.29402130624,39462.52928020486,30,Optimal,0.47398230000180774,39811.0928772695,0.0,0,12432,0,,False,False,7.116796041373163e-11,6.366462912410498e-11,0.0,0.0,1200.0,10800.0,833.3333333333334,833.3333333333334,formal_output
2025-10-10,1952.134907717364,16299.908394077414,31602.22804269027,16649.544224876736,30,Optimal,0.27147469999908935,16299.908394077405,0.0,0,10947,0,,False,False,1.1368683772161603e-13,1.0516032489249483e-12,0.0,0.0,1200.0,10800.0,833.3333333333334,674.9679286206933,formal_output
2025-10-11,2092.345588931096,15800.615355229545,30922.90515741401,16169.2936352186,30,Optimal,0.3095431000001554,15800.615355229551,0.0,0,11309,0,,False,False,1.1368683772161603e-13,1.9699797348948778e-12,0.0,0.0,1200.0,10800.0,833.3333333333334,833.3333333333334,formal_output
2025-10-12,1640.3966896072975,40517.436136230135,64488.418045954415,40403.386670885186,30,Optimal,0.4467054000015196,40517.43613623012,0.0,0,12116,0,,False,False,1.4930279235159105e-12,4.035882739117369e-12,0.0,0.0,1200.0,10800.0,833.3333333333334,833.3333333333334,formal_output
2025-10-13,1584.7521641759186,40831.68398046821,65284.86152127116,40696.88677175247,30,Optimal,0.504714700000477,40831.68398046822,2.4101609596982598e-11,0,12083,0,,False,False,4.217781679471955e-11,4.001776687800884e-11,0.0,0.0,1199.999999999976,10800.0,833.3333333333334,833.3333333333334,formal_output
2025-10-14,2037.911369420201,40620.28794812809,64669.79498208255,40484.50729954729,30,Optimal,0.49416589999964344,40620.2879481281,0.0,0,12602,0,,False,False,2.8421709430404007e-12,3.6126657221302594e-12,0.0,0.0,1200.0,10800.0,833.3333333333334,833.3333333333334,formal_output
2025-10-15,1859.2574259071584,41310.12873125061,65950.5845771624,41303.04023540219,30,Optimal,0.4423566000004939,41310.1287312506,5.0059407922064503e-11,0,12005,0,,False,False,4.1419208255221685e-11,4.505346712985806e-11,0.0,-5.0059407922064503e-11,1199.9999999999973,10800.0,833.3333333333334,833.3333333333334,formal_output
2025-10-16,2064.9769265251903,42032.15829355284,67366.65234440974,42053.51524605965,30,Optimal,0.5537683000002289,42032.15829355283,1.7053025658242404e-13,0,12728,0,,False,False,1.4844658835500013e-10,8.44320169335333e-11,0.0,-1.7053025658242404e-13,1200.0,10800.0,833.3333333333334,833.3333333333334,formal_output
2025-10-17,1753.368771428617,16842.242853410382,32510.677654657004,17196.510382117416,30,Optimal,0.32041409999874304,16842.24285341037,0.0,0,11664,0,,False,False,1.1368683772161603e-13,1.666222715357435e-12,0.0,0.0,1200.0,10800.0,833.3333333333334,674.6733675276055,formal_output
2025-10-18,1874.8858720612839,16492.194639664827,31894.99696137043,16857.11890977245,30,Optimal,0.29191029999856255,16492.194639664816,0.0,0,11445,0,,False,False,1.1368683772161603e-13,1.432631790976302e-12,0.0,0.0,1200.0,10800.0,833.3333333333334,669.3958303627198,formal_output
2025-10-19,1845.3786960400182,43013.241679709194,68516.04160183718,42895.09752621928,30,Optimal,0.5908324000010907,43013.241679709165,0.0,0,12969,0,,False,False,9.549694368615746e-12,2.8279600883251987e-12,0.0,0.0,1200.0,10800.0,833.3333333333334,833.3333333333334,formal_output
2025-10-20,1511.292056291294,43903.63534574976,69644.10666169462,43747.013250255695,30,Optimal,0.6286940999998478,43903.63534574975,3.8198777474462986e-11,0,15001,0,,False,False,2.2312462988338666e-10,1.782403113992359e-10,0.0,0.0,1199.9999999999618,10800.0,833.3333333333334,833.3333333333334,formal_output
2025-10-21,1731.7806253210845,44429.77702724678,70321.04039605329,44269.63953374329,30,Optimal,0.6972619000007398,44429.77702724676,0.0,0,13322,0,,False,False,3.289102323833504e-11,1.0913936421275139e-11,0.0,0.0,1200.0,10800.0,833.3333333333334,833.3333333333334,formal_output
2025-10-22,1580.3872711535535,45532.623443046075,72310.57475592673,45338.746462092124,30,Optimal,0.7171558999980334,45532.62344304609,2.8421709430404007e-12,0,13426,0,,False,False,8.526512829121202e-12,9.322320693172514e-12,0.0,-2.8421709430404007e-12,1200.0,10800.0,833.3333333333334,833.3333333333334,formal_output
2025-10-23,1832.738494784734,45622.9495186042,72076.35841860795,45439.898264265736,30,Optimal,0.5735061000013957,45622.94951860422,9.094947017729282e-13,0,12761,0,,False,False,1.4438228390645236e-11,1.1265655075476388e-11,0.0,-9.094947017729282e-13,1200.0,10800.0,833.3333333333334,833.3333333333334,formal_output
2025-10-24,2251.262137330753,16549.62931984801,31992.125432143723,16897.247089499877,30,Optimal,0.2914489999966463,16549.629319848023,0.0,0,11429,0,,False,False,1.1368683772161603e-13,9.663381206337363e-13,0.0,0.0,1200.0,10800.0,833.3333333333334,654.8147099446556,formal_output
2025-10-25,1523.432388024282,17382.267086007454,33289.862434593626,17694.220439004614,30,Optimal,0.31223330000284477,17382.267086007447,0.0,0,11356,0,,False,False,1.1368683772161603e-13,9.094947017729282e-13,0.0,0.0,1200.0,10800.0,833.3333333333334,672.4135013252495,formal_output
2025-10-26,1687.3653567398424,44806.02294048903,70886.28154877493,44597.8343313809,30,Optimal,0.5434175000009418,44806.02294048897,2.6134649999676185e-13,0,13246,0,,False,False,1.1368683772161603e-11,2.546585164964199e-11,0.0,-2.6134649999676185e-13,1200.0,10800.0,833.3333333333334,833.3333333333334,formal_output
2025-10-27,1896.9378234283433,44500.85875951501,70452.44806149176,44224.841870921104,30,Optimal,0.49839369999972405,44500.85875951501,2.1856294551980682e-11,0,12754,0,,False,False,1.219833123400349e-10,1.106714719867341e-10,0.0,-2.1856294551980682e-11,1199.9999999999998,10800.000000000018,833.3333333333334,833.3333333333334,formal_output
2025-10-28,1608.1692573264568,44417.36618814004,70123.48185940112,44109.756350311036,30,Optimal,0.642803400001867,44417.36618814003,5.5297277867794046e-12,0,13850,0,,False,False,8.067679857504118e-11,9.135625589351548e-11,0.0,-5.5297277867794046e-12,1200.0,10800.0,833.3333333333334,833.3333333333334,formal_output
2025-10-29,1610.4567871390043,45012.79327726455,71240.3419270627,44703.11510340705,30,Optimal,0.5889164000000164,45012.793277264565,1.8684368969140068e-11,0,12895,0,,False,False,1.1553993317647837e-09,1.1223164619877934e-09,0.0,-1.8684368969140068e-11,1200.0,10800.0,833.3333333333334,833.3333333333334,formal_output
2025-10-30,1357.9213691609102,47017.415485888654,74195.123794198,46644.90089894125,30,Optimal,0.5843024999994668,47017.41548588865,9.094947017729282e-12,0,13479,0,,False,False,1.8758328224066645e-11,1.8189894035458565e-11,0.0,0.0,1200.0,10800.00000000001,833.3333333333334,833.3333333333334,formal_output
2025-10-31,1906.2403025849578,17412.165423497307,33213.38284487932,17733.88311191109,30,Optimal,0.32601339999746415,17412.1654234973,0.0,0,11613,0,,False,False,1.1368683772161603e-13,9.663381206337363e-13,0.0,0.0,1200.0,10800.0,833.3333333333334,620.6689622018841,formal_output
2025-11-01,1860.1226508143352,17676.33711755486,33412.062621317236,17909.766910166774,30,Optimal,0.306261199999426,17676.337117554845,8.185951916317435e-14,0,11675,0,,False,False,1.8189894035458565e-11,2.1742607714259066e-12,0.0,-8.185951916317435e-14,1200.0,10800.0,833.3333333333334,544.7308972101029,formal_output
2025-11-02,1815.0904361583553,47468.45707861774,74787.69150141426,47115.63151223993,30,Optimal,0.6473194999998668,47468.457078617794,0.0,0,13400,0,,False,False,5.4569682106375694e-12,3.410605131648481e-12,0.0,0.0,1200.0,10800.0,833.3333333333334,833.3333333333334,formal_output
2025-11-03,1627.9983741696392,48431.25187845757,76037.4070003161,48007.207908770324,30,Optimal,0.5935743000009097,48431.251878457595,2.9467628337442873e-12,0,13041,0,,False,False,6.821210263296962e-12,1.5631940186722204e-11,0.0,-2.9467628337442873e-12,1200.0,10800.0,833.3333333333334,833.3333333333334,formal_output
2025-11-04,1955.9050697437617,47682.293871559756,75447.04036730668,47495.88838985164,30,Optimal,0.601559200000338,47682.29387155977,2.2737367544323206e-13,0,13053,0,,False,False,1.318767317570746e-11,3.410605131648481e-12,0.0,0.0,1199.9999999999998,10800.0,833.3333333333334,833.3333333333334,formal_output
2025-11-05,1628.0490935502573,47626.78557525903,75117.98221108846,47411.123057160105,30,Optimal,0.6097372000003816,47626.785575259055,0.0,0,13155,0,,False,False,1.4779288903810084e-12,1.1617373729677638e-12,0.0,0.0,1200.0,10800.0,833.3333333333334,833.3333333333334,formal_output
2025-11-06,2101.8196516711773,47767.89432845463,75228.6207717064,47505.48930890999,30,Optimal,0.7050343999981123,47767.894328454626,0.0,0,13486,0,,False,False,1.2505552149377763e-12,1.0231815394945443e-12,0.0,0.0,1200.0,10800.0,833.3333333333334,833.3333333333334,formal_output
2025-11-07,1763.991232370249,17962.976364260256,34183.00794412999,18241.91567392429,30,Optimal,0.2995740999976988,17962.976364260256,0.0,0,11716,0,,False,False,1.1368683772161603e-13,1.0231815394945443e-12,0.0,0.0,1200.0,10800.0,833.3333333333334,541.2175119926662,formal_output
2025-11-08,1838.8532931173302,18232.858792344174,34741.73036393433,18485.795582972532,30,Optimal,0.33055869999952847,18232.85879234417,0.0,0,11844,0,,False,False,1.1368683772161603e-13,1.0231815394945443e-12,0.0,0.0,1200.0,10800.0,833.3333333333334,535.9243769073664,formal_output
2025-11-09,1915.0449693386279,48419.94738244807,75988.97496547694,48230.44636316273,30,Optimal,0.8380415999999968,48419.94738244806,0.0,0,13923,0,,False,False,4.3087311496492475e-11,4.432187949987565e-11,0.0,0.0,1200.0,10800.0,833.3333333333334,833.3333333333334,formal_output
2025-11-10,1468.0186145782798,49331.578843377974,77529.56010163776,49152.70663054657,30,Optimal,0.6847249999991618,49331.57884337801,0.0,0,13165,0,,False,False,4.774847184307873e-12,5.059064278611913e-12,0.0,0.0,1200.0,10800.0,833.3333333333334,833.3333333333334,formal_output
2025-11-11,1355.3143655225088,50570.246654187744,79705.87654684155,50525.931235261814,30,Optimal,0.8347289000012097,50570.24665418772,2.565059276093969e-12,0,13969,0,,False,False,1.1822462453459082e-10,9.386219579354815e-11,0.0,-2.565059276093969e-12,1200.0,10800.000000000002,833.3333333333334,833.3333333333334,formal_output
2025-11-12,1849.5387091696593,50173.50091359293,78795.84447382273,50102.796078687184,30,Optimal,0.6361837000004016,50173.500913592936,0.0,0,13080,0,,False,False,3.7766767491120845e-10,1.3338885551661406e-10,0.0,0.0,1200.0,10800.0,833.3333333333334,833.3333333333334,formal_output
2025-11-13,1927.7537769081887,49937.18096015238,78235.5683339813,49871.28435533075,30,Optimal,0.8251545000020997,49937.18096015239,1.8189894035458565e-12,0,14119,0,,False,False,1.4626522215621662e-11,1.595523713149305e-11,0.0,-1.8189894035458565e-12,1200.0,10800.0,833.3333333333334,833.3333333333334,formal_output
2025-11-14,1949.8175526029102,18274.934467460414,34576.34213171594,18536.262396300346,30,Optimal,0.3034899999984191,18274.93446746041,0.0,0,11463,0,,False,False,6.821210263296962e-13,1.6040502259784262e-12,0.0,0.0,1200.0,10800.0,833.3333333333334,536.8993654223748,formal_output
2025-11-15,1891.665567443237,18440.76435855902,34614.67593569643,18663.894618563434,30,Optimal,0.3062692000021343,18440.764358559016,0.0,0,11459,0,,False,False,1.5365486660812167e-12,2.7284841053187847e-12,0.0,0.0,1200.0,10800.0,833.3333333333334,524.5057901525267,formal_output
2025-11-16,1608.5595738747895,50752.97371733039,79547.48535429762,50612.44185819411,30,Optimal,0.7479949000007764,50752.973717330366,4.042198674546348e-12,0,14090,0,,False,False,2.262368070660159e-11,2.1827872842550278e-11,0.0,-4.042198674546348e-12,1200.0,10800.0,833.3333333333334,833.3333333333334,formal_output
2025-11-17,1579.600254468341,51517.854489642355,80415.427214943,51362.80922495765,30,Optimal,0.658278999999311,51517.85448964238,4.042198674546347e-12,0,13470,0,,False,False,9.777068044058979e-12,6.611600156247732e-12,0.0,-4.042198674546347e-12,1200.0,10800.0,833.3333333333334,833.3333333333334,formal_output
2025-11-18,2021.7482086917257,50733.771495592475,79086.50044970374,50589.13897157649,30,Optimal,0.7233329999980924,50733.7714955925,0.0,0,13475,0,,False,False,3.524291969370097e-12,1.375610736431554e-11,0.0,0.0,1200.0,10800.0,833.3333333333334,833.3333333333334,formal_output
2025-11-19,1475.35586344861,51357.64332619378,80365.16539301496,50946.25025133745,30,Optimal,0.8060224000000744,51357.64332619381,2.638565129869377e-12,0,13873,0,,False,False,2.546585164964199e-11,3.282718541441909e-11,0.0,-2.638565129869377e-12,1200.0,10800.0,833.3333333333334,833.3333333333334,formal_output
2025-11-20,1458.4763659059424,51714.35233731702,80947.55387233035,51333.47682919899,30,Optimal,0.76905909999914,51714.352337317076,0.0,0,13800,0,,False,False,2.9558577807620168e-12,3.637978807091713e-12,0.0,0.0,1200.0,10800.0,833.3333333333334,833.3333333333334,formal_output
2025-11-21,1765.4331267010543,18852.433609161715,35401.65339862759,19014.62336656512,30,Optimal,0.35657269999865093,18852.433609161708,0.0,0,12291,0,,False,False,1.1368683772161603e-13,1.3642420526593924e-12,0.0,0.0,1200.0,10800.0,833.3333333333334,530.4821895816889,formal_output
2025-11-22,1865.216796921874,18820.42565682946,35524.82550097764,19016.26359343062,30,Optimal,0.2919679999977234,18820.425656829455,1.8189894035458565e-12,0,11959,0,,False,False,6.0254023992456496e-12,1.4921397450962104e-11,0.0,-1.7455173109384405e-13,1200.0,10800.000000000002,833.3333333333334,542.8607214661743,formal_output
2025-11-23,1200.0,52124.80413743181,81292.09564475587,51636.39660358456,30,Optimal,0.6280477000000246,52124.80413743184,1.8189894035458565e-12,0,12891,0,,False,False,3.779216939392427e-10,4.211084814187416e-10,0.0,-1.273181560179637e-12,1200.0,10800.000000000002,833.3333333333334,833.3333333333334,formal_output
2025-11-24,1609.9911900626616,51998.18417029415,80789.57228714574,51497.789329449195,30,Optimal,0.7752923000007286,51998.18417029413,0.0,0,13918,0,,False,False,3.183231456205249e-12,2.9203306439740118e-12,0.0,0.0,1200.0,10800.0,833.3333333333334,833.3333333333334,formal_output
2025-11-25,1332.9028436826093,51624.70654349962,80495.14775164018,51104.62859623874,30,Optimal,0.6536424000005354,51624.70654349959,1.8189894035458565e-12,0,13075,0,,False,False,3.7198333302512765e-10,3.2741809263825417e-10,0.0,0.0,1200.0,10800.000000000002,833.3333333333334,833.3333333333334,formal_output
2025-11-26,1287.289696166314,52140.83972160255,81333.47298114974,51617.39763596995,30,Optimal,0.6791107999997621,52140.83972160256,0.0,0,12782,0,,False,False,1.0163603292312473e-10,1.1008438605131232e-10,0.0,0.0,1200.0,10800.0,833.3333333333334,833.3333333333334,formal_output
2025-11-27,1519.4535097292703,52544.97773265705,82111.95949042586,52136.12454538979,30,Optimal,0.6146188999991864,52544.97773265708,5.093170329928398e-11,0,13307,0,,False,False,2.73871592071373e-10,3.0377123039215803e-10,0.0,-9.094825732861045e-13,1200.0,10800.000000000051,833.3333333333334,833.3333333333334,formal_output
2025-11-28,1728.711412733011,19533.471137469143,36519.894638070764,19586.10497585567,30,Optimal,0.3354904000007082,19533.471137469147,0.0,0,11954,0,,False,False,2.3188784226135795e-11,2.6116442342072332e-11,0.0,0.0,1200.0,10800.0,833.3333333333334,572.8563849091172,formal_output
2025-11-29,1847.8047234582903,19283.429260437406,36262.490117116504,19480.338198113102,30,Optimal,0.3178278000013961,19283.429260437435,0.0,0,11695,0,,False,False,1.9042545318370685e-11,1.7109869077103212e-11,0.0,0.0,1200.0,10800.0,833.3333333333334,563.5596592695192,formal_output
2025-11-30,1200.0,54079.79534983741,84622.76852905471,53768.16610303757,30,Optimal; tiebreak=Optimal,2.1681659999958356,1283091.550501682,6.892434217792864e-14,0,13925,0,,True,False,3.6166580841268114e-10,9.936229616869241e-11,-0.0,-6.892434217792864e-14,1200.0,10800.0,833.3333333333334,833.3333333333334,formal_output
2025-12-01,1200.0,54766.71108807879,85831.4956974897,54668.71258290878,30,Optimal,0.6627035999990767,54766.71108807876,1.0913936421275139e-11,0,12975,0,,False,False,1.6143530956469476e-11,1.0913936421275139e-11,0.0,-5.040412531798211e-14,1200.0,10800.000000000011,833.3333333333334,833.3333333333334,formal_output
2025-12-02,1200.0,58669.063042699905,90407.67230722914,58038.668724151925,30,Optimal,0.7372547000013583,58669.06304269988,0.0,0,14693,0,,False,False,2.680735633475706e-10,1.9519763583275562e-10,0.0,0.0,1200.0,10800.0,833.3333333333334,833.3333333333334,formal_output
2025-12-03,1348.9484587738211,60984.582716371675,93195.2606766055,60213.799382845784,30,Optimal,0.7208935000016936,60984.582716371624,4.774847184307873e-12,0,14546,0,,False,False,3.8198777474462986e-11,1.923605719156285e-11,0.0,-3.829773924891063e-13,1199.9999999999952,10800.0,833.3333333333334,833.3333333333334,formal_output
2025-12-04,1905.9487520533137,61152.25981287499,93540.4176397549,60384.01712632166,30,Optimal,0.7759475999991992,61152.259812874996,1.0357344611596393e-10,0,15053,0,,False,False,2.58236099170972e-10,1.7140511232582867e-10,0.0,-1.0357344611596393e-10,1199.9999999999998,10800.0,833.3333333333334,833.3333333333334,formal_output
2025-12-05,1728.7667049139463,21661.46473967567,39714.38673630376,21185.37764589923,30,Optimal,0.3889058999993722,21661.464739675688,0.0,0,12100,0,,False,False,6.0254023992456496e-12,3.410605131648481e-12,0.0,0.0,1200.0,10800.0,833.3333333333334,625.072556530343,formal_output
2025-12-06,1315.5023798329855,25276.673730084884,46356.58673547489,24519.10306009659,30,Optimal,0.43859319999683066,25276.673730084884,5.422862159321084e-12,0,11637,0,,False,False,2.603428583825007e-11,1.2960299500264227e-11,0.0,-5.422862159321084e-12,1200.0,10800.0,833.3333333333334,780.9743726495481,formal_output
2025-12-07,1215.062175807963,63043.307170836335,95807.15110284116,61913.68460507419,30,Optimal,0.5877184999990277,63043.307170836284,0.0,0,13685,0,,False,False,1.0913936421275139e-11,4.447997525858227e-12,0.0,0.0,1200.0,10800.0,833.3333333333334,833.3333333333334,formal_output
2025-12-08,1458.559735930219,62700.509480780864,95283.9457550668,61569.86554231201,30,Optimal,0.8503786000001128,62700.509480780835,7.411848912397545e-13,0,16023,0,,False,False,4.611138137988746e-10,4.0745362639427185e-10,0.0,-7.411848912397545e-13,1200.0,10800.0,833.3333333333334,833.3333333333334,formal_output
2025-12-09,2109.0763087299756,62300.138903597275,94567.55339225999,61174.583785230076,30,Optimal,0.7230907999983174,62300.13890359723,0.0,0,15509,0,,False,False,4.292566302410705e-12,6.388112261390688e-12,0.0,0.0,1200.0,10800.0,833.3333333333334,833.3333333333334,formal_output
2025-12-10,1573.1360349276408,62333.92437037864,94514.92586745638,61151.01776515249,30,Optimal,0.5876201999999466,62333.924370378634,0.0,0,13915,0,,False,False,4.048388291266747e-10,4.4996184556111984e-10,0.0,0.0,1200.0,10800.0,833.3333333333334,833.3333333333334,formal_output
2025-12-11,1922.3396911868815,62036.88453510602,94290.34933804018,60903.487945607936,30,Optimal,0.7762866999983089,62036.884535106044,0.0,0,15730,0,,False,False,5.4228621593210846e-11,2.5011104298755527e-11,0.0,0.0,1200.0,10800.0,833.3333333333334,833.3333333333334,formal_output
2025-12-12,1913.1905936433927,25153.316310787402,46005.91632292081,24281.311759554508,30,Optimal,0.39728240000113146,25153.31631078738,0.0,0,11673,0,,False,False,1.7621459846850485e-11,1.5518253349000588e-11,0.0,0.0,1200.0,10800.0,833.3333333333334,776.460269690864,formal_output
2025-12-13,1644.5130211371102,26734.862531077517,49095.97213929446,25936.178728049414,30,Optimal,0.3624947999996948,26734.86253107752,3.410605131648481e-13,0,11762,0,,False,False,1.8852919225764708e-11,7.617018127348274e-12,0.0,-3.410605131648481e-13,1199.9999999999998,10800.0,833.3333333333334,760.8885023404358,formal_output
2025-12-14,1658.1740861117116,63003.28636226199,95530.57736934572,61848.11613966705,30,Optimal,0.6320040999999037,63003.286362261984,1.8189894035458565e-12,0,13593,0,,False,False,1.0106759873451665e-10,4.310862777856528e-11,0.0,-1.8189894035458565e-12,1200.0,10800.0,833.3333333333334,833.3333333333334,formal_output
2025-12-15,1589.8146576921943,63195.27183529,95856.06663830309,62038.33347073084,30,Optimal,0.7461292999978468,63195.27183528998,1.1368683772161603e-12,0,15330,0,,False,False,4.433786671143025e-12,6.9118044621063746e-12,0.0,-1.1368683772161603e-12,1200.0,10800.0,833.3333333333334,833.3333333333334,formal_output
2025-12-16,1883.9790928575317,63091.66072973113,95708.9650901871,61936.55512925715,30,Optimal,0.7525635999991209,63091.66072973112,0.0,0,15317,0,,False,False,5.343281372915953e-12,5.4569682106375694e-12,0.0,0.0,1200.0,10800.0,833.3333333333334,833.3333333333334,formal_output
2025-12-17,1506.6399863480374,63304.638998739276,96194.44517356987,62151.436451428825,30,Optimal,0.7548963999979605,63304.63899873929,0.0,0,13776,0,,False,False,6.821210263296962e-12,2.7284841053187847e-12,0.0,0.0,1200.0,10800.0,833.3333333333334,833.3333333333334,formal_output
2025-12-18,1907.6028730983678,62588.61988996447,95189.2128556928,61433.557250805345,30,Optimal,0.7859199000013177,62588.619889964495,3.446132268436486e-13,0,15134,0,,False,False,4.41152891994534e-10,2.8840996257883944e-10,0.0,-3.446132268436486e-13,1199.9999999999998,10800.0,833.3333333333334,833.3333333333334,formal_output
2025-12-19,1969.9531620568596,26426.028752576185,48297.01968859216,25580.29531664619,30,Optimal,0.41921309999816003,26426.028752576156,8.533530535153411e-12,0,12053,0,,False,False,7.366907084360719e-11,3.133315829018102e-11,0.0,-8.533530535153411e-12,1200.0,10800.0,833.3333333333334,774.7258123413793,formal_output
2025-12-20,1636.3649244202334,26618.502225157008,48595.752010507895,25790.019712917543,30,Optimal,0.34235289999924134,26618.502225157,7.958078640513122e-12,0,11653,0,,False,False,1.6370904631912708e-11,2.177102942368947e-11,0.0,0.0,1199.999999999992,10800.0,833.3333333333334,759.794238832443,formal_output
2025-12-21,1665.7340629324683,62715.410447258284,95025.60718242278,61462.422144592914,30,Optimal,0.6363530000016908,62715.410447258284,4.728179439193753e-12,0,15118,0,,False,False,5.32107691242345e-11,6.391726654126412e-11,0.0,-4.728179439193753e-12,1200.0,10800.0,833.3333333333334,833.3333333333334,formal_output
2025-12-22,1586.2829433282375,62940.65341872316,95490.51784094088,61685.09565896135,30,Optimal,0.7254547000011371,62940.65341872315,0.0,0,15552,0,,False,False,6.139089236967266e-12,6.366462912410498e-12,0.0,0.0,1200.0,10800.0,833.3333333333334,833.3333333333334,formal_output
2025-12-23,1534.2263874712096,62985.448781002655,95558.89508729686,61707.15156256379,30,Optimal,0.7135142999977688,62985.44878100267,2.6526928801710406e-12,0,15486,0,,False,False,2.773958840407431e-11,3.0740743284241034e-11,0.0,-2.6526928801710406e-12,1200.0,10800.0,833.3333333333334,833.3333333333334,formal_output
2025-12-24,1763.1137254558967,62122.6772486086,94398.78561869772,60809.64947257552,30,Optimal,0.6213726999994833,62122.677248608634,2.2737367544323206e-13,0,14566,0,,False,False,2.2396307031158358e-11,2.000888343900442e-11,0.0,-2.2737367544323206e-13,1200.0,10800.0,833.3333333333334,833.3333333333334,formal_output
2025-12-25,1807.2883307065817,62163.89826848959,94237.25169552633,60838.7720919176,30,Optimal,1.0088088999982574,62163.89826848962,0.0,0,16482,0,,False,False,7.048583938740194e-12,6.548539488449023e-12,0.0,0.0,1200.0,10800.0,833.3333333333334,833.3333333333334,formal_output
2025-12-26,1924.0582124132425,26276.947449293417,48157.81111209543,25380.695124882193,30,Optimal,0.3574537999993481,26276.947449293388,0.0,0,11484,0,,False,False,2.8421709430404007e-13,1.8189894035458565e-12,0.0,0.0,1200.0,10800.0,833.3333333333334,764.64464882178,formal_output
2025-12-27,2266.547918774517,26208.62994740042,47777.708980731724,25240.058333060522,30,Optimal,0.35797699999966426,26208.629947400408,0.0,0,11745,0,,False,False,1.1368683772161603e-13,1.0231815394945443e-12,0.0,0.0,1200.0,10800.0,833.3333333333334,790.0339009006761,formal_output
2025-12-28,1577.2568983046576,62756.24089289615,94917.91564029414,61309.206576710996,30,Optimal; tiebreak=Optimal,2.2304327999991074,1341361.5124955296,1.4377388168895777e-14,0,14235,0,,True,False,2.3874235921539366e-12,1.9895196601282805e-12,0.0,-1.4377388168895777e-14,1200.0,10800.0,833.3333333333334,833.3333333333334,formal_output
2025-12-29,1870.9804145159621,61746.46315416667,93511.39338414757,60324.48937273675,30,Optimal,0.6041134000006423,61746.46315416669,1.0689369828244813e-11,0,13505,0,,False,False,1.0987299958742369e-10,6.821210263296962e-11,0.0,-1.0689369828244813e-11,1200.0,10800.0,833.3333333333334,833.3333333333334,formal_output
2025-12-30,1501.529392429368,61275.112888473996,93174.00557756558,59712.75875354045,30,Optimal,0.7989344999987225,61275.11288847397,0.0,0,15650,0,,False,False,8.526512829121202e-12,4.5563552930616424e-12,0.0,0.0,1200.0,10800.0,833.3333333333334,833.3333333333334,formal_output
2025-12-31,1744.6008144896805,60451.19079017707,91715.5655049345,58865.62144660037,30,Optimal,0.6948053000014625,60451.19079017707,1.8189894035458565e-12,0,13946,0,,False,False,4.092726157978177e-12,4.951594689828198e-12,0.0,-1.6370904631912707e-12,1200.0,10800.000000000002,833.3333333333334,833.3333333333334,formal_output
2026-01-01,1309.6428642100639,60898.648582505695,93072.44637587835,59794.884033776936,30,Optimal,0.6451379999998608,60898.64858250569,5.4569682106375694e-11,0,13009,0,,False,False,6.242544259293936e-10,5.611546782802179e-10,0.0,0.0,1200.0,10800.000000000055,833.3333333333334,833.3333333333334,template_boundary_only
